State,County,Jurisdiction,Date,Time,Crime,Occurences 
WY,Albany,"41.293265"" N, 105.590699"" W",24-May-17,3:00pm-3:59pm,Abduction,1
WY,Albany,"41.293265"" N, 105.590699"" W",14-Jun-17,3:00pm-3:59pm,Sexual Assault,1
WY,Albany,"41.293265"" N, 105.590699"" W",5-Jan-19,4:00pm-4:59pm,Sexual Assault,1
WY,Albany,"41.293265"" N, 105.590699"" W",4-Sep-19,3:00pm-3:59pm,Sexual Assault,1
WY,Albany,"41.293265"" N, 105.590699"" W",8-Sep-19,3:00am-3:59am,Sexual Assault,1
WY,Albany,"41.293265"" N, 105.590699"" W",12-Apr-21,3:00pm-3:59pm,Sexual Assault,1
WY,Albany,"41.293265"" N, 105.590699"" W",23-Jun-21,9:00pm-9:59pm,Sexual Assault,1
WY,Albany,"41.293265"" N, 105.590699"" W",19-Aug-21,12:00am-12:59am,Sexual Assault,1
WY,Albany,"41.293265"" N, 105.590699"" W",22-Nov-21,12:00n-12:59pm,Sexual Assault,1
WY,Albany,"41.293265"" N, 105.590699"" W",29-Dec-21,4:00pm-4:59pm,Sexual Assault,1
WY,Albany,"41.293265"" N, 105.590699"" W",1-Jan-17,1:00am-1:59am,Assault,2
WY,Albany,"41.293265"" N, 105.590699"" W",4-Jan-17,4:00am-4:59am,Assault,1
WY,Albany,"41.293265"" N, 105.590699"" W",5-Jan-17,8:00pm-8:59pm,Assault,1
WY,Albany,"41.293265"" N, 105.590699"" W",6-Jan-17,5:00pm-5:59pm,Assault,1
WY,Albany,"41.293265"" N, 105.590699"" W",7-Jan-17,3:00am-3:59am,Assault,1
WY,Albany,"41.293265"" N, 105.590699"" W",9-Jan-17,8:00pm-8:59pm,Assault,1
WY,Albany,"41.293265"" N, 105.590699"" W",9-Jan-17,5:00pm-5:59pm,Assault,2
WY,Albany,"41.293265"" N, 105.590699"" W",15-Jan-17,11:00pm-11:59pm,Assault,3
WY,Albany,"41.293265"" N, 105.590699"" W",19-Jan-17,7:00pm-7:59pm,Assault,1
WY,Albany,"41.293265"" N, 105.590699"" W",19-Jan-17,1:00am-1:59am,Assault,2
WY,Albany,"41.293265"" N, 105.590699"" W",20-Jan-17,4:00am-4:59am,Assault,2
WY,Albany,"41.293265"" N, 105.590699"" W",21-Jan-17,8:00pm-8:59pm,Assault,1
WY,Albany,"41.293265"" N, 105.590699"" W",23-Jan-17,4:00am-4:59am,Assault,2
WY,Albany,"41.293265"" N, 105.590699"" W",24-Jan-17,8:00pm-8:59pm,Assault,2
WY,Albany,"41.293265"" N, 105.590699"" W",26-Jan-17,12:00n-12:59pm,Assault,1
WY,Albany,"41.293265"" N, 105.590699"" W",30-Jan-17,8:00am-8:59am,Assault,1
WY,Albany,"41.293265"" N, 105.590699"" W",30-Jan-17,4:00pm-4:59pm,Assault,1
WY,Albany,"41.293265"" N, 105.590699"" W",5-Feb-17,3:00am-3:59am,Assault,2
WY,Albany,"41.293265"" N, 105.590699"" W",6-Feb-17,8:00pm-8:59pm,Assault,1
WY,Albany,"41.293265"" N, 105.590699"" W",9-Feb-17,7:00pm-7:59pm,Assault,2
WY,Albany,"41.293265"" N, 105.590699"" W",9-Feb-17,8:00pm-8:59pm,Assault,1
WY,Albany,"41.293265"" N, 105.590699"" W",12-Feb-17,9:00pm-9:59pm,Assault,1
WY,Albany,"41.293265"" N, 105.590699"" W",13-Feb-17,2:00pm-2:59pm,Assault,2
WY,Albany,"41.293265"" N, 105.590699"" W",20-Feb-17,12:00n-12:59pm,Assault,1
WY,Albany,"41.293265"" N, 105.590699"" W",21-Feb-17,7:00pm-7:59pm,Assault,1
WY,Albany,"41.293265"" N, 105.590699"" W",22-Feb-17,9:00am-9:59am,Assault,1
WY,Albany,"41.293265"" N, 105.590699"" W",23-Feb-17,8:00pm-8:59pm,Assault,1
WY,Albany,"41.293265"" N, 105.590699"" W",27-Feb-17,2:00pm-2:59pm,Assault,2
WY,Albany,"41.293265"" N, 105.590699"" W",28-Feb-17,10:00am-10:59am,Assault,2
WY,Albany,"41.293265"" N, 105.590699"" W",1-Mar-17,5:00pm-5:59pm,Assault,1
WY,Albany,"41.293265"" N, 105.590699"" W",3-Mar-17,2:00am-2:59am,Assault,2
WY,Albany,"41.293265"" N, 105.590699"" W",8-Mar-17,9:00pm-9:59pm,Assault,1
WY,Albany,"41.293265"" N, 105.590699"" W",8-Mar-17,11:00pm-11:59pm,Assault,1
WY,Albany,"41.293265"" N, 105.590699"" W",16-Mar-17,1:00pm-1:59pm,Assault,1
WY,Albany,"41.293265"" N, 105.590699"" W",20-Mar-17,8:00pm-8:59pm,Assault,1
WY,Albany,"41.293265"" N, 105.590699"" W",23-Mar-17,8:00am-8:59am,Assault,1
WY,Albany,"41.293265"" N, 105.590699"" W",28-Mar-17,7:00pm-7:59pm,Assault,2
WY,Albany,"41.293265"" N, 105.590699"" W",1-Apr-17,1:00pm-1:59pm,Assault,2
WY,Albany,"41.293265"" N, 105.590699"" W",3-Apr-17,8:00pm-8:59pm,Assault,1
WY,Albany,"41.293265"" N, 105.590699"" W",3-Apr-17,5:00pm-5:59pm,Assault,1
WY,Albany,"41.293265"" N, 105.590699"" W",6-Apr-17,1:00pm-1:59pm,Assault,1
WY,Albany,"41.293265"" N, 105.590699"" W",15-Apr-17,3:00am-3:59am,Assault,2
WY,Albany,"41.293265"" N, 105.590699"" W",15-Apr-17,2:00pm-2:59pm,Assault,1
WY,Albany,"41.293265"" N, 105.590699"" W",17-Apr-17,9:00pm-9:59pm,Assault,2
WY,Albany,"41.293265"" N, 105.590699"" W",21-Apr-17,3:00pm-3:59pm,Assault,1
WY,Albany,"41.293265"" N, 105.590699"" W",29-Apr-17,3:00am-3:59am,Assault,1
WY,Albany,"41.293265"" N, 105.590699"" W",30-Apr-17,6:00pm-6:59pm,Assault,1
WY,Albany,"41.293265"" N, 105.590699"" W",1-May-17,7:00pm-7:59pm,Assault,2
WY,Albany,"41.293265"" N, 105.590699"" W",2-May-17,10:00am-10:59am,Assault,2
WY,Albany,"41.293265"" N, 105.590699"" W",2-May-17,3:00pm-3:59pm,Assault,2
WY,Albany,"41.293265"" N, 105.590699"" W",4-May-17,11:00pm-11:59pm,Assault,1
WY,Albany,"41.293265"" N, 105.590699"" W",9-May-17,5:00pm-5:59pm,Assault,1
WY,Albany,"41.293265"" N, 105.590699"" W",11-May-17,8:00pm-8:59pm,Assault,1
WY,Albany,"41.293265"" N, 105.590699"" W",11-May-17,11:00am-11:59am,Assault,1
WY,Albany,"41.293265"" N, 105.590699"" W",12-May-17,3:00am-3:59am,Assault,1
WY,Albany,"41.293265"" N, 105.590699"" W",13-May-17,12:00am-12:59am,Assault,2
WY,Albany,"41.293265"" N, 105.590699"" W",14-May-17,2:00am-2:59am,Assault,1
WY,Albany,"41.293265"" N, 105.590699"" W",14-May-17,5:00pm-5:59pm,Assault,1
WY,Albany,"41.293265"" N, 105.590699"" W",18-May-17,10:00am-10:59am,Assault,1
WY,Albany,"41.293265"" N, 105.590699"" W",18-May-17,3:00pm-3:59pm,Assault,1
WY,Albany,"41.293265"" N, 105.590699"" W",18-May-17,5:00pm-5:59pm,Assault,1
WY,Albany,"41.293265"" N, 105.590699"" W",19-May-17,10:00pm-10:59pm,Assault,1
WY,Albany,"41.293265"" N, 105.590699"" W",21-May-17,1:00pm-1:59pm,Assault,2
WY,Albany,"41.293265"" N, 105.590699"" W",26-May-17,3:00am-3:59am,Assault,2
WY,Albany,"41.293265"" N, 105.590699"" W",31-May-17,9:00pm-9:59pm,Assault,1
WY,Albany,"41.293265"" N, 105.590699"" W",3-Jun-17,10:00pm-10:59pm,Assault,1
WY,Albany,"41.293265"" N, 105.590699"" W",8-Jun-17,11:00am-11:59am,Assault,1
WY,Albany,"41.293265"" N, 105.590699"" W",12-Jun-17,7:00pm-7:59pm,Assault,2
WY,Albany,"41.293265"" N, 105.590699"" W",12-Jun-17,12:00n-12:59pm,Assault,1
WY,Albany,"41.293265"" N, 105.590699"" W",15-Jun-17,10:00pm-10:59pm,Assault,1
WY,Albany,"41.293265"" N, 105.590699"" W",16-Jun-17,10:00pm-10:59pm,Assault,2
WY,Albany,"41.293265"" N, 105.590699"" W",21-Jun-17,2:00pm-2:59pm,Assault,1
WY,Albany,"41.293265"" N, 105.590699"" W",21-Jun-17,4:00pm-4:59pm,Assault,1
WY,Albany,"41.293265"" N, 105.590699"" W",25-Jun-17,10:00pm-10:59pm,Assault,2
WY,Albany,"41.293265"" N, 105.590699"" W",30-Jun-17,2:00pm-2:59pm,Assault,1
WY,Albany,"41.293265"" N, 105.590699"" W",1-Jul-17,10:00pm-10:59pm,Assault,1
WY,Albany,"41.293265"" N, 105.590699"" W",4-Jul-17,11:00pm-11:59pm,Assault,1
WY,Albany,"41.293265"" N, 105.590699"" W",6-Jul-17,8:00pm-8:59pm,Assault,1
WY,Albany,"41.293265"" N, 105.590699"" W",6-Jul-17,10:00pm-10:59pm,Assault,2
WY,Albany,"41.293265"" N, 105.590699"" W",7-Jul-17,10:00pm-10:59pm,Assault,1
WY,Albany,"41.293265"" N, 105.590699"" W",19-Jul-17,5:00am-5:59am,Assault,2
WY,Albany,"41.293265"" N, 105.590699"" W",25-Jul-17,9:00pm-9:59pm,Assault,2
WY,Albany,"41.293265"" N, 105.590699"" W",25-Jul-17,2:00pm-2:59pm,Assault,2
WY,Albany,"41.293265"" N, 105.590699"" W",2-Aug-17,1:00pm-1:59pm,Assault,1
WY,Albany,"41.293265"" N, 105.590699"" W",8-Aug-17,8:00pm-8:59pm,Assault,1
WY,Albany,"41.293265"" N, 105.590699"" W",11-Aug-17,8:00pm-8:59pm,Assault,1
WY,Albany,"41.293265"" N, 105.590699"" W",12-Aug-17,1:00am-1:59am,Assault,1
WY,Albany,"41.293265"" N, 105.590699"" W",15-Aug-17,9:00am-9:59am,Assault,1
WY,Albany,"41.293265"" N, 105.590699"" W",16-Aug-17,7:00am-7:59am,Assault,2
WY,Albany,"41.293265"" N, 105.590699"" W",21-Aug-17,8:00pm-8:59pm,Assault,2
WY,Albany,"41.293265"" N, 105.590699"" W",21-Aug-17,9:00am-9:59am,Assault,1
WY,Albany,"41.293265"" N, 105.590699"" W",22-Aug-17,9:00pm-9:59pm,Assault,2
WY,Albany,"41.293265"" N, 105.590699"" W",27-Aug-17,1:00pm-1:59pm,Assault,1
WY,Albany,"41.293265"" N, 105.590699"" W",1-Sep-17,8:00pm-8:59pm,Assault,1
WY,Albany,"41.293265"" N, 105.590699"" W",2-Sep-17,12:00am-12:59am,Assault,1
WY,Albany,"41.293265"" N, 105.590699"" W",5-Sep-17,6:00pm-6:59pm,Assault,1
WY,Albany,"41.293265"" N, 105.590699"" W",6-Sep-17,8:00pm-8:59pm,Assault,2
WY,Albany,"41.293265"" N, 105.590699"" W",15-Sep-17,8:00pm-8:59pm,Assault,1
WY,Albany,"41.293265"" N, 105.590699"" W",15-Sep-17,11:00pm-11:59pm,Assault,1
WY,Albany,"41.293265"" N, 105.590699"" W",17-Sep-17,11:00pm-11:59pm,Assault,2
WY,Albany,"41.293265"" N, 105.590699"" W",17-Sep-17,5:00am-5:59am,Assault,2
WY,Albany,"41.293265"" N, 105.590699"" W",17-Sep-17,4:00pm-4:59pm,Assault,2
WY,Albany,"41.293265"" N, 105.590699"" W",18-Sep-17,9:00pm-9:59pm,Assault,2
WY,Albany,"41.293265"" N, 105.590699"" W",27-Sep-17,1:00pm-1:59pm,Assault,1
WY,Albany,"41.293265"" N, 105.590699"" W",28-Sep-17,1:00pm-1:59pm,Assault,2
WY,Albany,"41.293265"" N, 105.590699"" W",29-Sep-17,12:00am-12:59am,Assault,1
WY,Albany,"41.293265"" N, 105.590699"" W",6-Oct-17,11:00am-11:59am,Assault,2
WY,Albany,"41.293265"" N, 105.590699"" W",7-Oct-17,10:00pm-10:59pm,Assault,2
WY,Albany,"41.293265"" N, 105.590699"" W",9-Oct-17,8:00am-8:59am,Assault,1
WY,Albany,"41.293265"" N, 105.590699"" W",9-Oct-17,3:00pm-3:59pm,Assault,1
WY,Albany,"41.293265"" N, 105.590699"" W",17-Oct-17,7:00pm-7:59pm,Assault,2
WY,Albany,"41.293265"" N, 105.590699"" W",19-Oct-17,6:00pm-6:59pm,Assault,1
WY,Albany,"41.293265"" N, 105.590699"" W",20-Oct-17,7:00pm-7:59pm,Assault,1
WY,Albany,"41.293265"" N, 105.590699"" W",24-Oct-17,2:00pm-2:59pm,Assault,1
WY,Albany,"41.293265"" N, 105.590699"" W",26-Oct-17,11:00pm-11:59pm,Assault,2
WY,Albany,"41.293265"" N, 105.590699"" W",26-Oct-17,4:00pm-4:59pm,Assault,1
WY,Albany,"41.293265"" N, 105.590699"" W",27-Oct-17,10:00am-10:59am,Assault,1
WY,Albany,"41.293265"" N, 105.590699"" W",28-Oct-17,8:00pm-8:59pm,Assault,2
WY,Albany,"41.293265"" N, 105.590699"" W",2-Nov-17,10:00pm-10:59pm,Assault,2
WY,Albany,"41.293265"" N, 105.590699"" W",3-Nov-17,8:00am-8:59am,Assault,2
WY,Albany,"41.293265"" N, 105.590699"" W",8-Nov-17,6:00pm-6:59pm,Assault,2
WY,Albany,"41.293265"" N, 105.590699"" W",15-Nov-17,3:00pm-3:59pm,Assault,1
WY,Albany,"41.293265"" N, 105.590699"" W",16-Nov-17,1:00pm-1:59pm,Assault,2
WY,Albany,"41.293265"" N, 105.590699"" W",17-Nov-17,9:00pm-9:59pm,Assault,1
WY,Albany,"41.293265"" N, 105.590699"" W",19-Nov-17,1:00pm-1:59pm,Assault,1
WY,Albany,"41.293265"" N, 105.590699"" W",24-Nov-17,8:00pm-8:59pm,Assault,1
WY,Albany,"41.293265"" N, 105.590699"" W",25-Nov-17,12:00n-12:59pm,Assault,1
WY,Albany,"41.293265"" N, 105.590699"" W",2-Dec-17,6:00am-6:59am,Assault,2
WY,Albany,"41.293265"" N, 105.590699"" W",13-Dec-17,10:00am-10:59am,Assault,1
WY,Albany,"41.293265"" N, 105.590699"" W",14-Dec-17,4:00pm-4:59pm,Assault,1
WY,Albany,"41.293265"" N, 105.590699"" W",18-Dec-17,11:00am-11:59am,Assault,1
WY,Albany,"41.293265"" N, 105.590699"" W",18-Dec-17,1:00pm-1:59pm,Assault,2
WY,Albany,"41.293265"" N, 105.590699"" W",23-Dec-17,12:00n-12:59pm,Assault,1
WY,Albany,"41.293265"" N, 105.590699"" W",24-Dec-17,8:00pm-8:59pm,Assault,1
WY,Albany,"41.293265"" N, 105.590699"" W",27-Dec-17,12:00am-12:59am,Assault,1
WY,Albany,"41.293265"" N, 105.590699"" W",29-Dec-17,4:00pm-4:59pm,Assault,2
WY,Albany,"41.293265"" N, 105.590699"" W",30-Dec-17,4:00pm-4:59pm,Assault,1
WY,Albany,"41.293265"" N, 105.590699"" W",1-Jan-18,1:00am-1:59am,Assault,1
WY,Albany,"41.293265"" N, 105.590699"" W",5-Jan-18,1:00pm-1:59pm,Assault,2
WY,Albany,"41.293265"" N, 105.590699"" W",6-Jan-18,5:00pm-5:59pm,Assault,1
WY,Albany,"41.293265"" N, 105.590699"" W",10-Jan-18,2:00pm-2:59pm,Assault,1
WY,Albany,"41.293265"" N, 105.590699"" W",11-Jan-18,3:00pm-3:59pm,Assault,1
WY,Albany,"41.293265"" N, 105.590699"" W",18-Jan-18,7:00pm-7:59pm,Assault,1
WY,Albany,"41.293265"" N, 105.590699"" W",19-Jan-18,6:00pm-6:59pm,Assault,1
WY,Albany,"41.293265"" N, 105.590699"" W",19-Jan-18,6:00am-6:59am,Assault,1
WY,Albany,"41.293265"" N, 105.590699"" W",21-Jan-18,2:00am-2:59am,Assault,2
WY,Albany,"41.293265"" N, 105.590699"" W",24-Jan-18,5:00pm-5:59pm,Assault,1
WY,Albany,"41.293265"" N, 105.590699"" W",28-Jan-18,12:00am-12:59am,Assault,2
WY,Albany,"41.293265"" N, 105.590699"" W",2-Feb-18,12:00n-12:59pm,Assault,1
WY,Albany,"41.293265"" N, 105.590699"" W",3-Feb-18,3:00am-3:59am,Assault,1
WY,Albany,"41.293265"" N, 105.590699"" W",3-Feb-18,7:00am-7:59am,Assault,2
WY,Albany,"41.293265"" N, 105.590699"" W",4-Feb-18,1:00am-1:59am,Assault,1
WY,Albany,"41.293265"" N, 105.590699"" W",5-Feb-18,10:00pm-10:59pm,Assault,1
WY,Albany,"41.293265"" N, 105.590699"" W",5-Feb-18,5:00pm-5:59pm,Assault,1
WY,Albany,"41.293265"" N, 105.590699"" W",10-Feb-18,4:00pm-4:59pm,Assault,1
WY,Albany,"41.293265"" N, 105.590699"" W",11-Feb-18,1:00am-1:59am,Assault,1
WY,Albany,"41.293265"" N, 105.590699"" W",17-Feb-18,6:00pm-6:59pm,Assault,2
WY,Albany,"41.293265"" N, 105.590699"" W",26-Feb-18,4:00pm-4:59pm,Assault,1
WY,Albany,"41.293265"" N, 105.590699"" W",28-Feb-18,12:00n-12:59pm,Assault,2
WY,Albany,"41.293265"" N, 105.590699"" W",5-Mar-18,9:00am-9:59am,Assault,1
WY,Albany,"41.293265"" N, 105.590699"" W",9-Mar-18,3:00am-3:59am,Assault,1
WY,Albany,"41.293265"" N, 105.590699"" W",14-Mar-18,6:00am-6:59am,Assault,1
WY,Albany,"41.293265"" N, 105.590699"" W",17-Mar-18,12:00n-12:59pm,Assault,1
WY,Albany,"41.293265"" N, 105.590699"" W",18-Mar-18,1:00pm-1:59pm,Assault,1
WY,Albany,"41.293265"" N, 105.590699"" W",25-Mar-18,4:00am-4:59am,Assault,1
WY,Albany,"41.293265"" N, 105.590699"" W",25-Mar-18,9:00am-9:59am,Assault,2
WY,Albany,"41.293265"" N, 105.590699"" W",26-Mar-18,7:00pm-7:59pm,Assault,1
WY,Albany,"41.293265"" N, 105.590699"" W",27-Mar-18,8:00pm-8:59pm,Assault,2
WY,Albany,"41.293265"" N, 105.590699"" W",27-Mar-18,8:00am-8:59am,Assault,2
WY,Albany,"41.293265"" N, 105.590699"" W",1-Apr-18,1:00am-1:59am,Assault,2
WY,Albany,"41.293265"" N, 105.590699"" W",8-Apr-18,3:00am-3:59am,Assault,1
WY,Albany,"41.293265"" N, 105.590699"" W",9-Apr-18,12:00n-12:59pm,Assault,2
WY,Albany,"41.293265"" N, 105.590699"" W",10-Apr-18,10:00am-10:59am,Assault,1
WY,Albany,"41.293265"" N, 105.590699"" W",11-Apr-18,8:00pm-8:59pm,Assault,1
WY,Albany,"41.293265"" N, 105.590699"" W",11-Apr-18,10:00pm-10:59pm,Assault,2
WY,Albany,"41.293265"" N, 105.590699"" W",12-Apr-18,7:00am-7:59am,Assault,1
WY,Albany,"41.293265"" N, 105.590699"" W",12-Apr-18,10:00am-10:59am,Assault,2
WY,Albany,"41.293265"" N, 105.590699"" W",15-Apr-18,10:00pm-10:59pm,Assault,1
WY,Albany,"41.293265"" N, 105.590699"" W",19-Apr-18,12:00n-12:59pm,Assault,1
WY,Albany,"41.293265"" N, 105.590699"" W",20-Apr-18,8:00pm-8:59pm,Assault,1
WY,Albany,"41.293265"" N, 105.590699"" W",20-Apr-18,9:00pm-9:59pm,Assault,2
WY,Albany,"41.293265"" N, 105.590699"" W",25-Apr-18,11:00am-11:59am,Assault,2
WY,Albany,"41.293265"" N, 105.590699"" W",26-Apr-18,12:00am-12:59am,Assault,1
WY,Albany,"41.293265"" N, 105.590699"" W",3-May-18,8:00pm-8:59pm,Assault,2
WY,Albany,"41.293265"" N, 105.590699"" W",4-May-18,2:00am-2:59am,Assault,2
WY,Albany,"41.293265"" N, 105.590699"" W",13-May-18,2:00am-2:59am,Assault,2
WY,Albany,"41.293265"" N, 105.590699"" W",13-May-18,3:00am-3:59am,Assault,2
WY,Albany,"41.293265"" N, 105.590699"" W",13-May-18,5:00pm-5:59pm,Assault,1
WY,Albany,"41.293265"" N, 105.590699"" W",19-May-18,9:00pm-9:59pm,Assault,2
WY,Albany,"41.293265"" N, 105.590699"" W",20-May-18,5:00pm-5:59pm,Assault,2
WY,Albany,"41.293265"" N, 105.590699"" W",23-May-18,12:00n-12:59pm,Assault,2
WY,Albany,"41.293265"" N, 105.590699"" W",30-May-18,6:00pm-6:59pm,Assault,2
WY,Albany,"41.293265"" N, 105.590699"" W",31-May-18,3:00pm-3:59pm,Assault,1
WY,Albany,"41.293265"" N, 105.590699"" W",8-Jun-18,7:00pm-7:59pm,Assault,2
WY,Albany,"41.293265"" N, 105.590699"" W",17-Jun-18,2:00pm-2:59pm,Assault,1
WY,Albany,"41.293265"" N, 105.590699"" W",18-Jun-18,10:00pm-10:59pm,Assault,1
WY,Albany,"41.293265"" N, 105.590699"" W",18-Jun-18,5:00pm-5:59pm,Assault,1
WY,Albany,"41.293265"" N, 105.590699"" W",19-Jun-18,8:00pm-8:59pm,Assault,1
WY,Albany,"41.293265"" N, 105.590699"" W",20-Jun-18,10:00am-10:59am,Assault,2
WY,Albany,"41.293265"" N, 105.590699"" W",24-Jun-18,5:00pm-5:59pm,Assault,1
WY,Albany,"41.293265"" N, 105.590699"" W",26-Jun-18,3:00pm-3:59pm,Assault,1
WY,Albany,"41.293265"" N, 105.590699"" W",28-Jun-18,7:00pm-7:59pm,Assault,1
WY,Albany,"41.293265"" N, 105.590699"" W",29-Jun-18,12:00am-12:59am,Assault,1
WY,Albany,"41.293265"" N, 105.590699"" W",1-Jul-18,6:00pm-6:59pm,Assault,1
WY,Albany,"41.293265"" N, 105.590699"" W",6-Jul-18,7:00pm-7:59pm,Assault,1
WY,Albany,"41.293265"" N, 105.590699"" W",13-Jul-18,1:00pm-1:59pm,Assault,1
WY,Albany,"41.293265"" N, 105.590699"" W",17-Jul-18,12:00n-12:59pm,Assault,2
WY,Albany,"41.293265"" N, 105.590699"" W",19-Jul-18,9:00am-9:59am,Assault,2
WY,Albany,"41.293265"" N, 105.590699"" W",22-Jul-18,11:00am-11:59am,Assault,2
WY,Albany,"41.293265"" N, 105.590699"" W",22-Jul-18,5:00pm-5:59pm,Assault,1
WY,Albany,"41.293265"" N, 105.590699"" W",2-Aug-18,4:00pm-4:59pm,Assault,2
WY,Albany,"41.293265"" N, 105.590699"" W",4-Aug-18,9:00pm-9:59pm,Assault,1
WY,Albany,"41.293265"" N, 105.590699"" W",7-Aug-18,6:00pm-6:59pm,Assault,1
WY,Albany,"41.293265"" N, 105.590699"" W",11-Aug-18,6:00pm-6:59pm,Assault,1
WY,Albany,"41.293265"" N, 105.590699"" W",21-Aug-18,5:00pm-5:59pm,Assault,2
WY,Albany,"41.293265"" N, 105.590699"" W",24-Aug-18,12:00n-12:59pm,Assault,3
WY,Albany,"41.293265"" N, 105.590699"" W",26-Aug-18,1:00am-1:59am,Assault,2
WY,Albany,"41.293265"" N, 105.590699"" W",30-Aug-18,1:00am-1:59am,Assault,1
WY,Albany,"41.293265"" N, 105.590699"" W",31-Aug-18,6:00pm-6:59pm,Assault,1
WY,Albany,"41.293265"" N, 105.590699"" W",31-Aug-18,10:00pm-10:59pm,Assault,2
WY,Albany,"41.293265"" N, 105.590699"" W",2-Sep-18,9:00pm-9:59pm,Assault,2
WY,Albany,"41.293265"" N, 105.590699"" W",7-Sep-18,2:00pm-2:59pm,Assault,1
WY,Albany,"41.293265"" N, 105.590699"" W",10-Sep-18,10:00am-10:59am,Assault,2
WY,Albany,"41.293265"" N, 105.590699"" W",13-Sep-18,6:00pm-6:59pm,Assault,1
WY,Albany,"41.293265"" N, 105.590699"" W",25-Sep-18,10:00pm-10:59pm,Assault,1
WY,Albany,"41.293265"" N, 105.590699"" W",26-Sep-18,5:00pm-5:59pm,Assault,1
WY,Albany,"41.293265"" N, 105.590699"" W",29-Sep-18,9:00pm-9:59pm,Assault,2
WY,Albany,"41.293265"" N, 105.590699"" W",30-Sep-18,2:00pm-2:59pm,Assault,1
WY,Albany,"41.293265"" N, 105.590699"" W",2-Oct-18,6:00pm-6:59pm,Assault,1
WY,Albany,"41.293265"" N, 105.590699"" W",4-Oct-18,5:00pm-5:59pm,Assault,1
WY,Albany,"41.293265"" N, 105.590699"" W",6-Oct-18,1:00am-1:59am,Assault,2
WY,Albany,"41.293265"" N, 105.590699"" W",9-Oct-18,3:00pm-3:59pm,Assault,5
WY,Albany,"41.293265"" N, 105.590699"" W",10-Oct-18,10:00pm-10:59pm,Assault,1
WY,Albany,"41.293265"" N, 105.590699"" W",13-Oct-18,8:00pm-8:59pm,Assault,2
WY,Albany,"41.293265"" N, 105.590699"" W",26-Oct-18,1:00am-1:59am,Assault,1
WY,Albany,"41.293265"" N, 105.590699"" W",28-Oct-18,10:00pm-10:59pm,Assault,4
WY,Albany,"41.293265"" N, 105.590699"" W",1-Nov-18,7:00pm-7:59pm,Assault,1
WY,Albany,"41.293265"" N, 105.590699"" W",3-Nov-18,4:00pm-4:59pm,Assault,1
WY,Albany,"41.293265"" N, 105.590699"" W",4-Nov-18,1:00pm-1:59pm,Assault,1
WY,Albany,"41.293265"" N, 105.590699"" W",5-Nov-18,10:00pm-10:59pm,Assault,2
WY,Albany,"41.293265"" N, 105.590699"" W",6-Nov-18,10:00am-10:59am,Assault,1
WY,Albany,"41.293265"" N, 105.590699"" W",7-Nov-18,7:00pm-7:59pm,Assault,1
WY,Albany,"41.293265"" N, 105.590699"" W",9-Nov-18,1:00pm-1:59pm,Assault,1
WY,Albany,"41.293265"" N, 105.590699"" W",14-Nov-18,11:00pm-11:59pm,Assault,1
WY,Albany,"41.293265"" N, 105.590699"" W",16-Nov-18,7:00pm-7:59pm,Assault,1
WY,Albany,"41.293265"" N, 105.590699"" W",25-Nov-18,4:00pm-4:59pm,Assault,2
WY,Albany,"41.293265"" N, 105.590699"" W",28-Nov-18,10:00pm-10:59pm,Assault,1
WY,Albany,"41.293265"" N, 105.590699"" W",2-Dec-18,4:00pm-4:59pm,Assault,1
WY,Albany,"41.293265"" N, 105.590699"" W",4-Dec-18,12:00am-12:59am,Assault,1
WY,Albany,"41.293265"" N, 105.590699"" W",16-Dec-18,7:00pm-7:59pm,Assault,1
WY,Albany,"41.293265"" N, 105.590699"" W",20-Dec-18,2:00am-2:59am,Assault,1
WY,Albany,"41.293265"" N, 105.590699"" W",24-Dec-18,9:00pm-9:59pm,Assault,1
WY,Albany,"41.293265"" N, 105.590699"" W",24-Dec-18,4:00pm-4:59pm,Assault,1
WY,Albany,"41.293265"" N, 105.590699"" W",25-Dec-18,1:00am-1:59am,Assault,1
WY,Albany,"41.293265"" N, 105.590699"" W",28-Dec-18,8:00pm-8:59pm,Assault,1
WY,Albany,"41.293265"" N, 105.590699"" W",30-Dec-18,5:00am-5:59am,Assault,1
WY,Albany,"41.293265"" N, 105.590699"" W",30-Dec-18,2:00pm-2:59pm,Assault,1
WY,Albany,"41.293265"" N, 105.590699"" W",1-Jan-19,2:00am-2:59am,Assault,1
WY,Albany,"41.293265"" N, 105.590699"" W",2-Jan-19,9:00am-9:59am,Assault,1
WY,Albany,"41.293265"" N, 105.590699"" W",5-Jan-19,9:00pm-9:59pm,Assault,1
WY,Albany,"41.293265"" N, 105.590699"" W",9-Jan-19,12:00am-12:59am,Assault,1
WY,Albany,"41.293265"" N, 105.590699"" W",11-Jan-19,2:00pm-2:59pm,Assault,1
WY,Albany,"41.293265"" N, 105.590699"" W",14-Jan-19,10:00pm-10:59pm,Assault,1
WY,Albany,"41.293265"" N, 105.590699"" W",15-Jan-19,1:00am-1:59am,Assault,1
WY,Albany,"41.293265"" N, 105.590699"" W",22-Jan-19,3:00am-3:59am,Assault,1
WY,Albany,"41.293265"" N, 105.590699"" W",24-Jan-19,3:00am-3:59am,Assault,1
WY,Albany,"41.293265"" N, 105.590699"" W",29-Jan-19,12:00n-12:59pm,Assault,1
WY,Albany,"41.293265"" N, 105.590699"" W",3-Feb-19,10:00pm-10:59pm,Assault,1
WY,Albany,"41.293265"" N, 105.590699"" W",4-Feb-19,10:00pm-10:59pm,Assault,1
WY,Albany,"41.293265"" N, 105.590699"" W",10-Feb-19,1:00pm-1:59pm,Assault,1
WY,Albany,"41.293265"" N, 105.590699"" W",12-Feb-19,7:00pm-7:59pm,Assault,1
WY,Albany,"41.293265"" N, 105.590699"" W",13-Feb-19,10:00pm-10:59pm,Assault,1
WY,Albany,"41.293265"" N, 105.590699"" W",15-Feb-19,1:00pm-1:59pm,Assault,1
WY,Albany,"41.293265"" N, 105.590699"" W",17-Feb-19,1:00am-1:59am,Assault,1
WY,Albany,"41.293265"" N, 105.590699"" W",18-Feb-19,4:00pm-4:59pm,Assault,1
WY,Albany,"41.293265"" N, 105.590699"" W",19-Feb-19,4:00pm-4:59pm,Assault,1
WY,Albany,"41.293265"" N, 105.590699"" W",22-Feb-19,8:00pm-8:59pm,Assault,1
WY,Albany,"41.293265"" N, 105.590699"" W",22-Feb-19,9:00pm-9:59pm,Assault,1
WY,Albany,"41.293265"" N, 105.590699"" W",23-Feb-19,11:00am-11:59am,Assault,1
WY,Albany,"41.293265"" N, 105.590699"" W",24-Feb-19,2:00pm-2:59pm,Assault,1
WY,Albany,"41.293265"" N, 105.590699"" W",26-Feb-19,10:00am-10:59am,Assault,1
WY,Albany,"41.293265"" N, 105.590699"" W",1-Mar-19,1:00pm-1:59pm,Assault,1
WY,Albany,"41.293265"" N, 105.590699"" W",4-Mar-19,3:00pm-3:59pm,Assault,1
WY,Albany,"41.293265"" N, 105.590699"" W",7-Mar-19,7:00am-7:59am,Assault,1
WY,Albany,"41.293265"" N, 105.590699"" W",10-Mar-19,3:00pm-3:59pm,Assault,1
WY,Albany,"41.293265"" N, 105.590699"" W",13-Mar-19,12:00am-12:59am,Assault,1
WY,Albany,"41.293265"" N, 105.590699"" W",13-Mar-19,8:00am-8:59am,Assault,1
WY,Albany,"41.293265"" N, 105.590699"" W",14-Mar-19,7:00pm-7:59pm,Assault,1
WY,Albany,"41.293265"" N, 105.590699"" W",14-Mar-19,10:00pm-10:59pm,Assault,1
WY,Albany,"41.293265"" N, 105.590699"" W",17-Mar-19,11:00am-11:59am,Assault,1
WY,Albany,"41.293265"" N, 105.590699"" W",21-Mar-19,3:00am-3:59am,Assault,1
WY,Albany,"41.293265"" N, 105.590699"" W",24-Mar-19,12:00am-12:59am,Assault,1
WY,Albany,"41.293265"" N, 105.590699"" W",28-Mar-19,9:00am-9:59am,Assault,1
WY,Albany,"41.293265"" N, 105.590699"" W",30-Mar-19,7:00pm-7:59pm,Assault,1
WY,Albany,"41.293265"" N, 105.590699"" W",1-Apr-19,9:00am-9:59am,Assault,1
WY,Albany,"41.293265"" N, 105.590699"" W",14-Apr-19,8:00pm-8:59pm,Assault,1
WY,Albany,"41.293265"" N, 105.590699"" W",17-Apr-19,12:00n-12:59pm,Assault,1
WY,Albany,"41.293265"" N, 105.590699"" W",18-Apr-19,5:00am-5:59am,Assault,1
WY,Albany,"41.293265"" N, 105.590699"" W",19-Apr-19,10:00am-10:59am,Assault,1
WY,Albany,"41.293265"" N, 105.590699"" W",21-Apr-19,9:00pm-9:59pm,Assault,1
WY,Albany,"41.293265"" N, 105.590699"" W",23-Apr-19,4:00am-4:59am,Assault,1
WY,Albany,"41.293265"" N, 105.590699"" W",23-Apr-19,5:00pm-5:59pm,Assault,1
WY,Albany,"41.293265"" N, 105.590699"" W",24-Apr-19,10:00pm-10:59pm,Assault,1
WY,Albany,"41.293265"" N, 105.590699"" W",26-Apr-19,2:00pm-2:59pm,Assault,1
WY,Albany,"41.293265"" N, 105.590699"" W",28-Apr-19,9:00pm-9:59pm,Assault,1
WY,Albany,"41.293265"" N, 105.590699"" W",29-Apr-19,6:00pm-6:59pm,Assault,1
WY,Albany,"41.293265"" N, 105.590699"" W",3-May-19,6:00am-6:59am,Assault,1
WY,Albany,"41.293265"" N, 105.590699"" W",5-May-19,6:00pm-6:59pm,Assault,1
WY,Albany,"41.293265"" N, 105.590699"" W",7-May-19,9:00am-9:59am,Assault,1
WY,Albany,"41.293265"" N, 105.590699"" W",11-May-19,11:00am-11:59am,Assault,1
WY,Albany,"41.293265"" N, 105.590699"" W",16-May-19,5:00am-5:59am,Assault,1
WY,Albany,"41.293265"" N, 105.590699"" W",18-May-19,9:00pm-9:59pm,Assault,1
WY,Albany,"41.293265"" N, 105.590699"" W",18-May-19,2:00am-2:59am,Assault,1
WY,Albany,"41.293265"" N, 105.590699"" W",19-May-19,11:00pm-11:59pm,Assault,1
WY,Albany,"41.293265"" N, 105.590699"" W",24-May-19,12:00am-12:59am,Assault,1
WY,Albany,"41.293265"" N, 105.590699"" W",24-May-19,3:00pm-3:59pm,Assault,1
WY,Albany,"41.293265"" N, 105.590699"" W",27-May-19,2:00pm-2:59pm,Assault,1
WY,Albany,"41.293265"" N, 105.590699"" W",28-May-19,5:00pm-5:59pm,Assault,1
WY,Albany,"41.293265"" N, 105.590699"" W",1-Jun-19,11:00pm-11:59pm,Assault,1
WY,Albany,"41.293265"" N, 105.590699"" W",4-Jun-19,2:00am-2:59am,Assault,2
WY,Albany,"41.293265"" N, 105.590699"" W",5-Jun-19,5:00pm-5:59pm,Assault,1
WY,Albany,"41.293265"" N, 105.590699"" W",8-Jun-19,5:00am-5:59am,Assault,1
WY,Albany,"41.293265"" N, 105.590699"" W",8-Jun-19,10:00am-10:59am,Assault,1
WY,Albany,"41.293265"" N, 105.590699"" W",13-Jun-19,11:00pm-11:59pm,Assault,1
WY,Albany,"41.293265"" N, 105.590699"" W",14-Jun-19,9:00pm-9:59pm,Assault,1
WY,Albany,"41.293265"" N, 105.590699"" W",16-Jun-19,2:00pm-2:59pm,Assault,1
WY,Albany,"41.293265"" N, 105.590699"" W",18-Jun-19,7:00pm-7:59pm,Assault,1
WY,Albany,"41.293265"" N, 105.590699"" W",18-Jun-19,11:00pm-11:59pm,Assault,1
WY,Albany,"41.293265"" N, 105.590699"" W",23-Jun-19,9:00pm-9:59pm,Assault,1
WY,Albany,"41.293265"" N, 105.590699"" W",4-Jul-19,2:00am-2:59am,Assault,1
WY,Albany,"41.293265"" N, 105.590699"" W",6-Jul-19,2:00am-2:59am,Assault,1
WY,Albany,"41.293265"" N, 105.590699"" W",6-Jul-19,10:00am-10:59am,Assault,1
WY,Albany,"41.293265"" N, 105.590699"" W",7-Jul-19,2:00am-2:59am,Assault,1
WY,Albany,"41.293265"" N, 105.590699"" W",8-Jul-19,1:00am-1:59am,Assault,1
WY,Albany,"41.293265"" N, 105.590699"" W",25-Jul-19,2:00am-2:59am,Assault,1
WY,Albany,"41.293265"" N, 105.590699"" W",29-Jul-19,8:00am-8:59am,Assault,1
WY,Albany,"41.293265"" N, 105.590699"" W",30-Jul-19,7:00pm-7:59pm,Assault,1
WY,Albany,"41.293265"" N, 105.590699"" W",1-Aug-19,8:00pm-8:59pm,Assault,1
WY,Albany,"41.293265"" N, 105.590699"" W",7-Aug-19,1:00am-1:59am,Assault,1
WY,Albany,"41.293265"" N, 105.590699"" W",11-Aug-19,8:00pm-8:59pm,Assault,1
WY,Albany,"41.293265"" N, 105.590699"" W",12-Aug-19,6:00pm-6:59pm,Assault,1
WY,Albany,"41.293265"" N, 105.590699"" W",17-Aug-19,9:00pm-9:59pm,Assault,1
WY,Albany,"41.293265"" N, 105.590699"" W",17-Aug-19,3:00am-3:59am,Assault,1
WY,Albany,"41.293265"" N, 105.590699"" W",18-Aug-19,2:00am-2:59am,Assault,1
WY,Albany,"41.293265"" N, 105.590699"" W",18-Aug-19,3:00am-3:59am,Assault,1
WY,Albany,"41.293265"" N, 105.590699"" W",28-Aug-19,4:00pm-4:59pm,Assault,1
WY,Albany,"41.293265"" N, 105.590699"" W",1-Sep-19,5:00pm-5:59pm,Assault,1
WY,Albany,"41.293265"" N, 105.590699"" W",14-Sep-19,8:00pm-8:59pm,Assault,1
WY,Albany,"41.293265"" N, 105.590699"" W",16-Sep-19,3:00pm-3:59pm,Assault,1
WY,Albany,"41.293265"" N, 105.590699"" W",17-Sep-19,10:00am-10:59am,Assault,1
WY,Albany,"41.293265"" N, 105.590699"" W",20-Sep-19,4:00am-4:59am,Assault,1
WY,Albany,"41.293265"" N, 105.590699"" W",23-Sep-19,10:00pm-10:59pm,Assault,1
WY,Albany,"41.293265"" N, 105.590699"" W",23-Sep-19,2:00am-2:59am,Assault,1
WY,Albany,"41.293265"" N, 105.590699"" W",24-Sep-19,10:00am-10:59am,Assault,1
WY,Albany,"41.293265"" N, 105.590699"" W",24-Sep-19,5:00pm-5:59pm,Assault,1
WY,Albany,"41.293265"" N, 105.590699"" W",25-Sep-19,10:00pm-10:59pm,Assault,1
WY,Albany,"41.293265"" N, 105.590699"" W",26-Sep-19,12:00am-12:59am,Assault,1
WY,Albany,"41.293265"" N, 105.590699"" W",28-Sep-19,11:00pm-11:59pm,Assault,1
WY,Albany,"41.293265"" N, 105.590699"" W",29-Sep-19,1:00am-1:59am,Assault,1
WY,Albany,"41.293265"" N, 105.590699"" W",29-Sep-19,9:00am-9:59am,Assault,1
WY,Albany,"41.293265"" N, 105.590699"" W",1-Oct-19,10:00pm-10:59pm,Assault,1
WY,Albany,"41.293265"" N, 105.590699"" W",6-Oct-19,2:00pm-2:59pm,Assault,1
WY,Albany,"41.293265"" N, 105.590699"" W",8-Oct-19,4:00pm-4:59pm,Assault,1
WY,Albany,"41.293265"" N, 105.590699"" W",12-Oct-19,12:00n-12:59pm,Assault,1
WY,Albany,"41.293265"" N, 105.590699"" W",13-Oct-19,10:00pm-10:59pm,Assault,1
WY,Albany,"41.293265"" N, 105.590699"" W",15-Oct-19,11:00pm-11:59pm,Assault,1
WY,Albany,"41.293265"" N, 105.590699"" W",26-Oct-19,2:00am-2:59am,Assault,1
WY,Albany,"41.293265"" N, 105.590699"" W",26-Oct-19,2:00pm-2:59pm,Assault,1
WY,Albany,"41.293265"" N, 105.590699"" W",27-Oct-19,3:00pm-3:59pm,Assault,1
WY,Albany,"41.293265"" N, 105.590699"" W",27-Oct-19,4:00pm-4:59pm,Assault,1
WY,Albany,"41.293265"" N, 105.590699"" W",30-Oct-19,6:00pm-6:59pm,Assault,1
WY,Albany,"41.293265"" N, 105.590699"" W",31-Oct-19,6:00pm-6:59pm,Assault,1
WY,Albany,"41.293265"" N, 105.590699"" W",2-Nov-19,11:00am-11:59am,Assault,1
WY,Albany,"41.293265"" N, 105.590699"" W",5-Nov-19,1:00pm-1:59pm,Assault,1
WY,Albany,"41.293265"" N, 105.590699"" W",6-Nov-19,4:00pm-4:59pm,Assault,1
WY,Albany,"41.293265"" N, 105.590699"" W",8-Nov-19,7:00pm-7:59pm,Assault,1
WY,Albany,"41.293265"" N, 105.590699"" W",8-Nov-19,9:00pm-9:59pm,Assault,1
WY,Albany,"41.293265"" N, 105.590699"" W",10-Nov-19,10:00pm-10:59pm,Assault,1
WY,Albany,"41.293265"" N, 105.590699"" W",10-Nov-19,5:00am-5:59am,Assault,1
WY,Albany,"41.293265"" N, 105.590699"" W",10-Nov-19,11:00am-11:59am,Assault,1
WY,Albany,"41.293265"" N, 105.590699"" W",13-Nov-19,8:00pm-8:59pm,Assault,1
WY,Albany,"41.293265"" N, 105.590699"" W",15-Nov-19,8:00am-8:59am,Assault,1
WY,Albany,"41.293265"" N, 105.590699"" W",16-Nov-19,4:00pm-4:59pm,Assault,1
WY,Albany,"41.293265"" N, 105.590699"" W",17-Nov-19,12:00am-12:59am,Assault,1
WY,Albany,"41.293265"" N, 105.590699"" W",19-Nov-19,9:00pm-9:59pm,Assault,1
WY,Albany,"41.293265"" N, 105.590699"" W",19-Nov-19,12:00n-12:59pm,Assault,1
WY,Albany,"41.293265"" N, 105.590699"" W",20-Nov-19,9:00pm-9:59pm,Assault,1
WY,Albany,"41.293265"" N, 105.590699"" W",23-Nov-19,9:00am-9:59am,Assault,1
WY,Albany,"41.293265"" N, 105.590699"" W",25-Nov-19,3:00pm-3:59pm,Assault,1
WY,Albany,"41.293265"" N, 105.590699"" W",26-Nov-19,11:00pm-11:59pm,Assault,1
WY,Albany,"41.293265"" N, 105.590699"" W",27-Nov-19,2:00pm-2:59pm,Assault,1
WY,Albany,"41.293265"" N, 105.590699"" W",30-Nov-19,10:00pm-10:59pm,Assault,1
WY,Albany,"41.293265"" N, 105.590699"" W",30-Nov-19,5:00pm-5:59pm,Assault,1
WY,Albany,"41.293265"" N, 105.590699"" W",7-Dec-19,12:00n-12:59pm,Assault,1
WY,Albany,"41.293265"" N, 105.590699"" W",9-Dec-19,7:00pm-7:59pm,Assault,1
WY,Albany,"41.293265"" N, 105.590699"" W",9-Dec-19,8:00pm-8:59pm,Assault,1
WY,Albany,"41.293265"" N, 105.590699"" W",13-Dec-19,2:00am-2:59am,Assault,1
WY,Albany,"41.293265"" N, 105.590699"" W",13-Dec-19,8:00am-8:59am,Assault,1
WY,Albany,"41.293265"" N, 105.590699"" W",17-Dec-19,2:00am-2:59am,Assault,1
WY,Albany,"41.293265"" N, 105.590699"" W",30-Dec-19,6:00pm-6:59pm,Assault,1
WY,Albany,"41.293265"" N, 105.590699"" W",31-Dec-19,10:00pm-10:59pm,Assault,1
WY,Albany,"41.293265"" N, 105.590699"" W",4-Jan-20,10:00am-10:59am,Assault,1
WY,Albany,"41.293265"" N, 105.590699"" W",5-Jan-20,2:00am-2:59am,Assault,1
WY,Albany,"41.293265"" N, 105.590699"" W",8-Jan-20,5:00pm-5:59pm,Assault,1
WY,Albany,"41.293265"" N, 105.590699"" W",12-Jan-20,12:00n-12:59pm,Assault,1
WY,Albany,"41.293265"" N, 105.590699"" W",13-Jan-20,6:00am-6:59am,Assault,1
WY,Albany,"41.293265"" N, 105.590699"" W",20-Jan-20,12:00am-12:59am,Assault,1
WY,Albany,"41.293265"" N, 105.590699"" W",25-Jan-20,6:00pm-6:59pm,Assault,1
WY,Albany,"41.293265"" N, 105.590699"" W",26-Jan-20,8:00pm-8:59pm,Assault,1
WY,Albany,"41.293265"" N, 105.590699"" W",27-Jan-20,12:00am-12:59am,Assault,1
WY,Albany,"41.293265"" N, 105.590699"" W",27-Jan-20,5:00pm-5:59pm,Assault,1
WY,Albany,"41.293265"" N, 105.590699"" W",29-Jan-20,10:00pm-10:59pm,Assault,1
WY,Albany,"41.293265"" N, 105.590699"" W",29-Jan-20,11:00am-11:59am,Assault,1
WY,Albany,"41.293265"" N, 105.590699"" W",31-Jan-20,2:00am-2:59am,Assault,1
WY,Albany,"41.293265"" N, 105.590699"" W",10-Feb-20,9:00pm-9:59pm,Assault,1
WY,Albany,"41.293265"" N, 105.590699"" W",14-Feb-20,6:00pm-6:59pm,Assault,1
WY,Albany,"41.293265"" N, 105.590699"" W",14-Feb-20,7:00pm-7:59pm,Assault,2
WY,Albany,"41.293265"" N, 105.590699"" W",14-Feb-20,1:00am-1:59am,Assault,1
WY,Albany,"41.293265"" N, 105.590699"" W",16-Feb-20,9:00pm-9:59pm,Assault,1
WY,Albany,"41.293265"" N, 105.590699"" W",16-Feb-20,10:00am-10:59am,Assault,1
WY,Albany,"41.293265"" N, 105.590699"" W",19-Feb-20,6:00pm-6:59pm,Assault,1
WY,Albany,"41.293265"" N, 105.590699"" W",19-Feb-20,2:00pm-2:59pm,Assault,1
WY,Albany,"41.293265"" N, 105.590699"" W",20-Feb-20,1:00am-1:59am,Assault,1
WY,Albany,"41.293265"" N, 105.590699"" W",21-Feb-20,12:00n-12:59pm,Assault,1
WY,Albany,"41.293265"" N, 105.590699"" W",25-Feb-20,11:00am-11:59am,Assault,1
WY,Albany,"41.293265"" N, 105.590699"" W",28-Feb-20,1:00am-1:59am,Assault,1
WY,Albany,"41.293265"" N, 105.590699"" W",1-Mar-20,2:00am-2:59am,Assault,1
WY,Albany,"41.293265"" N, 105.590699"" W",7-Mar-20,7:00pm-7:59pm,Assault,1
WY,Albany,"41.293265"" N, 105.590699"" W",8-Mar-20,11:00pm-11:59pm,Assault,2
WY,Albany,"41.293265"" N, 105.590699"" W",11-Mar-20,4:00pm-4:59pm,Assault,1
WY,Albany,"41.293265"" N, 105.590699"" W",12-Mar-20,7:00pm-7:59pm,Assault,1
WY,Albany,"41.293265"" N, 105.590699"" W",13-Mar-20,6:00pm-6:59pm,Assault,1
WY,Albany,"41.293265"" N, 105.590699"" W",14-Mar-20,1:00am-1:59am,Assault,1
WY,Albany,"41.293265"" N, 105.590699"" W",14-Mar-20,1:00pm-1:59pm,Assault,1
WY,Albany,"41.293265"" N, 105.590699"" W",28-Mar-20,5:00am-5:59am,Assault,1
WY,Albany,"41.293265"" N, 105.590699"" W",29-Mar-20,7:00pm-7:59pm,Assault,1
WY,Albany,"41.293265"" N, 105.590699"" W",29-Mar-20,9:00pm-9:59pm,Assault,1
WY,Albany,"41.293265"" N, 105.590699"" W",2-Apr-20,9:00pm-9:59pm,Assault,1
WY,Albany,"41.293265"" N, 105.590699"" W",4-Apr-20,6:00pm-6:59pm,Assault,1
WY,Albany,"41.293265"" N, 105.590699"" W",10-Apr-20,6:00pm-6:59pm,Assault,1
WY,Albany,"41.293265"" N, 105.590699"" W",12-Apr-20,2:00am-2:59am,Assault,1
WY,Albany,"41.293265"" N, 105.590699"" W",16-Apr-20,2:00am-2:59am,Assault,1
WY,Albany,"41.293265"" N, 105.590699"" W",20-Apr-20,10:00am-10:59am,Assault,1
WY,Albany,"41.293265"" N, 105.590699"" W",22-Apr-20,7:00am-7:59am,Assault,1
WY,Albany,"41.293265"" N, 105.590699"" W",24-Apr-20,6:00am-6:59am,Assault,1
WY,Albany,"41.293265"" N, 105.590699"" W",30-Apr-20,11:00pm-11:59pm,Assault,1
WY,Albany,"41.293265"" N, 105.590699"" W",30-Apr-20,4:00pm-4:59pm,Assault,1
WY,Albany,"41.293265"" N, 105.590699"" W",1-May-20,7:00pm-7:59pm,Assault,1
WY,Albany,"41.293265"" N, 105.590699"" W",4-May-20,5:00am-5:59am,Assault,1
WY,Albany,"41.293265"" N, 105.590699"" W",8-May-20,1:00am-1:59am,Assault,1
WY,Albany,"41.293265"" N, 105.590699"" W",14-May-20,8:00pm-8:59pm,Assault,1
WY,Albany,"41.293265"" N, 105.590699"" W",14-May-20,9:00pm-9:59pm,Assault,1
WY,Albany,"41.293265"" N, 105.590699"" W",16-May-20,3:00pm-3:59pm,Assault,1
WY,Albany,"41.293265"" N, 105.590699"" W",23-May-20,10:00pm-10:59pm,Assault,1
WY,Albany,"41.293265"" N, 105.590699"" W",24-May-20,10:00pm-10:59pm,Assault,1
WY,Albany,"41.293265"" N, 105.590699"" W",28-May-20,9:00pm-9:59pm,Assault,1
WY,Albany,"41.293265"" N, 105.590699"" W",29-May-20,4:00pm-4:59pm,Assault,1
WY,Albany,"41.293265"" N, 105.590699"" W",30-May-20,7:00pm-7:59pm,Assault,1
WY,Albany,"41.293265"" N, 105.590699"" W",30-May-20,2:00pm-2:59pm,Assault,1
WY,Albany,"41.293265"" N, 105.590699"" W",31-May-20,2:00pm-2:59pm,Assault,1
WY,Albany,"41.293265"" N, 105.590699"" W",2-Jun-20,6:00pm-6:59pm,Assault,1
WY,Albany,"41.293265"" N, 105.590699"" W",2-Jun-20,8:00pm-8:59pm,Assault,1
WY,Albany,"41.293265"" N, 105.590699"" W",12-Jun-20,3:00am-3:59am,Assault,1
WY,Albany,"41.293265"" N, 105.590699"" W",13-Jun-20,9:00am-9:59am,Assault,1
WY,Albany,"41.293265"" N, 105.590699"" W",14-Jun-20,3:00am-3:59am,Assault,1
WY,Albany,"41.293265"" N, 105.590699"" W",26-Jun-20,8:00pm-8:59pm,Assault,1
WY,Albany,"41.293265"" N, 105.590699"" W",1-Jul-20,11:00pm-11:59pm,Assault,1
WY,Albany,"41.293265"" N, 105.590699"" W",3-Jul-20,7:00pm-7:59pm,Assault,1
WY,Albany,"41.293265"" N, 105.590699"" W",6-Jul-20,10:00pm-10:59pm,Assault,1
WY,Albany,"41.293265"" N, 105.590699"" W",6-Jul-20,11:00pm-11:59pm,Assault,1
WY,Albany,"41.293265"" N, 105.590699"" W",7-Jul-20,1:00pm-1:59pm,Assault,1
WY,Albany,"41.293265"" N, 105.590699"" W",8-Jul-20,9:00pm-9:59pm,Assault,1
WY,Albany,"41.293265"" N, 105.590699"" W",11-Jul-20,2:00am-2:59am,Assault,1
WY,Albany,"41.293265"" N, 105.590699"" W",12-Jul-20,12:00am-12:59am,Assault,1
WY,Albany,"41.293265"" N, 105.590699"" W",14-Jul-20,9:00pm-9:59pm,Assault,1
WY,Albany,"41.293265"" N, 105.590699"" W",15-Jul-20,4:00am-4:59am,Assault,1
WY,Albany,"41.293265"" N, 105.590699"" W",18-Jul-20,1:00am-1:59am,Assault,1
WY,Albany,"41.293265"" N, 105.590699"" W",19-Jul-20,3:00am-3:59am,Assault,1
WY,Albany,"41.293265"" N, 105.590699"" W",22-Jul-20,10:00pm-10:59pm,Assault,1
WY,Albany,"41.293265"" N, 105.590699"" W",23-Jul-20,9:00pm-9:59pm,Assault,1
WY,Albany,"41.293265"" N, 105.590699"" W",23-Jul-20,12:00n-12:59pm,Assault,1
WY,Albany,"41.293265"" N, 105.590699"" W",25-Jul-20,12:00am-12:59am,Assault,1
WY,Albany,"41.293265"" N, 105.590699"" W",28-Jul-20,9:00pm-9:59pm,Assault,1
WY,Albany,"41.293265"" N, 105.590699"" W",30-Jul-20,8:00pm-8:59pm,Assault,1
WY,Albany,"41.293265"" N, 105.590699"" W",4-Sep-20,11:00am-11:59am,Assault,1
WY,Albany,"41.293265"" N, 105.590699"" W",5-Sep-20,9:00pm-9:59pm,Assault,1
WY,Albany,"41.293265"" N, 105.590699"" W",6-Sep-20,1:00am-1:59am,Assault,1
WY,Albany,"41.293265"" N, 105.590699"" W",6-Sep-20,8:00am-8:59am,Assault,1
WY,Albany,"41.293265"" N, 105.590699"" W",6-Sep-20,11:00am-11:59am,Assault,1
WY,Albany,"41.293265"" N, 105.590699"" W",7-Sep-20,6:00pm-6:59pm,Assault,2
WY,Albany,"41.293265"" N, 105.590699"" W",11-Sep-20,8:00am-8:59am,Assault,1
WY,Albany,"41.293265"" N, 105.590699"" W",12-Sep-20,6:00pm-6:59pm,Assault,1
WY,Albany,"41.293265"" N, 105.590699"" W",20-Sep-20,6:00pm-6:59pm,Assault,1
WY,Albany,"41.293265"" N, 105.590699"" W",25-Sep-20,12:00n-12:59pm,Assault,1
WY,Albany,"41.293265"" N, 105.590699"" W",26-Sep-20,1:00am-1:59am,Assault,1
WY,Albany,"41.293265"" N, 105.590699"" W",27-Sep-20,4:00pm-4:59pm,Assault,1
WY,Albany,"41.293265"" N, 105.590699"" W",9-Oct-20,6:00pm-6:59pm,Assault,1
WY,Albany,"41.293265"" N, 105.590699"" W",10-Oct-20,11:00pm-11:59pm,Assault,1
WY,Albany,"41.293265"" N, 105.590699"" W",10-Oct-20,12:00am-12:59am,Assault,1
WY,Albany,"41.293265"" N, 105.590699"" W",14-Oct-20,6:00pm-6:59pm,Assault,1
WY,Albany,"41.293265"" N, 105.590699"" W",15-Oct-20,6:00pm-6:59pm,Assault,1
WY,Albany,"41.293265"" N, 105.590699"" W",16-Oct-20,1:00am-1:59am,Assault,1
WY,Albany,"41.293265"" N, 105.590699"" W",16-Oct-20,8:00am-8:59am,Assault,1
WY,Albany,"41.293265"" N, 105.590699"" W",17-Oct-20,2:00am-2:59am,Assault,1
WY,Albany,"41.293265"" N, 105.590699"" W",23-Oct-20,6:00am-6:59am,Assault,1
WY,Albany,"41.293265"" N, 105.590699"" W",31-Oct-20,6:00pm-6:59pm,Assault,2
WY,Albany,"41.293265"" N, 105.590699"" W",31-Oct-20,3:00pm-3:59pm,Assault,2
WY,Albany,"41.293265"" N, 105.590699"" W",2-Jan-21,7:00pm-7:59pm,Assault,1
WY,Albany,"41.293265"" N, 105.590699"" W",5-Jan-21,12:00am-12:59am,Assault,1
WY,Albany,"41.293265"" N, 105.590699"" W",11-Jan-21,8:00pm-8:59pm,Assault,1
WY,Albany,"41.293265"" N, 105.590699"" W",14-Jan-21,6:00pm-6:59pm,Assault,1
WY,Albany,"41.293265"" N, 105.590699"" W",16-Jan-21,11:00pm-11:59pm,Assault,1
WY,Albany,"41.293265"" N, 105.590699"" W",19-Jan-21,4:00pm-4:59pm,Assault,1
WY,Albany,"41.293265"" N, 105.590699"" W",21-Jan-21,9:00pm-9:59pm,Assault,1
WY,Albany,"41.293265"" N, 105.590699"" W",23-Jan-21,8:00am-8:59am,Assault,1
WY,Albany,"41.293265"" N, 105.590699"" W",25-Jan-21,11:00am-11:59am,Assault,1
WY,Albany,"41.293265"" N, 105.590699"" W",30-Jan-21,9:00am-9:59am,Assault,1
WY,Albany,"41.293265"" N, 105.590699"" W",31-Jan-21,4:00pm-4:59pm,Assault,1
WY,Albany,"41.293265"" N, 105.590699"" W",1-Feb-21,9:00am-9:59am,Assault,1
WY,Albany,"41.293265"" N, 105.590699"" W",4-Feb-21,10:00pm-10:59pm,Assault,1
WY,Albany,"41.293265"" N, 105.590699"" W",10-Feb-21,9:00pm-9:59pm,Assault,1
WY,Albany,"41.293265"" N, 105.590699"" W",14-Feb-21,11:00pm-11:59pm,Assault,1
WY,Albany,"41.293265"" N, 105.590699"" W",15-Feb-21,10:00pm-10:59pm,Assault,1
WY,Albany,"41.293265"" N, 105.590699"" W",17-Feb-21,10:00pm-10:59pm,Assault,1
WY,Albany,"41.293265"" N, 105.590699"" W",22-Feb-21,1:00am-1:59am,Assault,1
WY,Albany,"41.293265"" N, 105.590699"" W",23-Feb-21,6:00pm-6:59pm,Assault,1
WY,Albany,"41.293265"" N, 105.590699"" W",25-Feb-21,11:00pm-11:59pm,Assault,1
WY,Albany,"41.293265"" N, 105.590699"" W",28-Feb-21,11:00pm-11:59pm,Assault,1
WY,Albany,"41.293265"" N, 105.590699"" W",7-Mar-21,1:00am-1:59am,Assault,1
WY,Albany,"41.293265"" N, 105.590699"" W",7-Mar-21,7:00am-7:59am,Assault,1
WY,Albany,"41.293265"" N, 105.590699"" W",8-Mar-21,7:00pm-7:59pm,Assault,1
WY,Albany,"41.293265"" N, 105.590699"" W",9-Mar-21,2:00pm-2:59pm,Assault,1
WY,Albany,"41.293265"" N, 105.590699"" W",13-Mar-21,5:00pm-5:59pm,Assault,1
WY,Albany,"41.293265"" N, 105.590699"" W",15-Mar-21,3:00pm-3:59pm,Assault,1
WY,Albany,"41.293265"" N, 105.590699"" W",17-Mar-21,10:00pm-10:59pm,Assault,1
WY,Albany,"41.293265"" N, 105.590699"" W",17-Mar-21,12:00n-12:59pm,Assault,1
WY,Albany,"41.293265"" N, 105.590699"" W",19-Mar-21,3:00am-3:59am,Assault,1
WY,Albany,"41.293265"" N, 105.590699"" W",19-Mar-21,8:00am-8:59am,Assault,1
WY,Albany,"41.293265"" N, 105.590699"" W",21-Mar-21,2:00am-2:59am,Assault,1
WY,Albany,"41.293265"" N, 105.590699"" W",22-Mar-21,10:00am-10:59am,Assault,1
WY,Albany,"41.293265"" N, 105.590699"" W",24-Mar-21,9:00am-9:59am,Assault,1
WY,Albany,"41.293265"" N, 105.590699"" W",24-Mar-21,11:00am-11:59am,Assault,1
WY,Albany,"41.293265"" N, 105.590699"" W",28-Mar-21,8:00am-8:59am,Assault,1
WY,Albany,"41.293265"" N, 105.590699"" W",30-Mar-21,8:00pm-8:59pm,Assault,1
WY,Albany,"41.293265"" N, 105.590699"" W",5-Apr-21,5:00pm-5:59pm,Assault,1
WY,Albany,"41.293265"" N, 105.590699"" W",6-Apr-21,10:00am-10:59am,Assault,1
WY,Albany,"41.293265"" N, 105.590699"" W",18-Apr-21,8:00pm-8:59pm,Assault,1
WY,Albany,"41.293265"" N, 105.590699"" W",26-Apr-21,5:00pm-5:59pm,Assault,1
WY,Albany,"41.293265"" N, 105.590699"" W",27-Apr-21,2:00pm-2:59pm,Assault,1
WY,Albany,"41.293265"" N, 105.590699"" W",28-Apr-21,10:00pm-10:59pm,Assault,1
WY,Albany,"41.293265"" N, 105.590699"" W",4-May-21,11:00am-11:59am,Assault,1
WY,Albany,"41.293265"" N, 105.590699"" W",7-May-21,8:00pm-8:59pm,Assault,1
WY,Albany,"41.293265"" N, 105.590699"" W",7-May-21,4:00pm-4:59pm,Assault,1
WY,Albany,"41.293265"" N, 105.590699"" W",12-May-21,4:00am-4:59am,Assault,1
WY,Albany,"41.293265"" N, 105.590699"" W",14-May-21,3:00pm-3:59pm,Assault,1
WY,Albany,"41.293265"" N, 105.590699"" W",19-May-21,7:00pm-7:59pm,Assault,1
WY,Albany,"41.293265"" N, 105.590699"" W",23-May-21,4:00pm-4:59pm,Assault,1
WY,Albany,"41.293265"" N, 105.590699"" W",24-May-21,9:00pm-9:59pm,Assault,1
WY,Albany,"41.293265"" N, 105.590699"" W",25-May-21,9:00pm-9:59pm,Assault,1
WY,Albany,"41.293265"" N, 105.590699"" W",5-Jun-21,9:00pm-9:59pm,Assault,1
WY,Albany,"41.293265"" N, 105.590699"" W",8-Jun-21,5:00pm-5:59pm,Assault,1
WY,Albany,"41.293265"" N, 105.590699"" W",9-Jun-21,11:00pm-11:59pm,Assault,1
WY,Albany,"41.293265"" N, 105.590699"" W",14-Jun-21,8:00pm-8:59pm,Assault,1
WY,Albany,"41.293265"" N, 105.590699"" W",15-Jun-21,4:00pm-4:59pm,Assault,1
WY,Albany,"41.293265"" N, 105.590699"" W",16-Jun-21,10:00pm-10:59pm,Assault,1
WY,Albany,"41.293265"" N, 105.590699"" W",17-Jun-21,10:00pm-10:59pm,Assault,1
WY,Albany,"41.293265"" N, 105.590699"" W",21-Jun-21,11:00pm-11:59pm,Assault,1
WY,Albany,"41.293265"" N, 105.590699"" W",22-Jun-21,1:00pm-1:59pm,Assault,1
WY,Albany,"41.293265"" N, 105.590699"" W",26-Jun-21,1:00pm-1:59pm,Assault,1
WY,Albany,"41.293265"" N, 105.590699"" W",29-Jun-21,7:00pm-7:59pm,Assault,1
WY,Albany,"41.293265"" N, 105.590699"" W",1-Jul-21,9:00pm-9:59pm,Assault,1
WY,Albany,"41.293265"" N, 105.590699"" W",2-Jul-21,11:00pm-11:59pm,Assault,1
WY,Albany,"41.293265"" N, 105.590699"" W",4-Jul-21,1:00pm-1:59pm,Assault,1
WY,Albany,"41.293265"" N, 105.590699"" W",5-Jul-21,11:00am-11:59am,Assault,1
WY,Albany,"41.293265"" N, 105.590699"" W",10-Jul-21,10:00pm-10:59pm,Assault,1
WY,Albany,"41.293265"" N, 105.590699"" W",15-Jul-21,11:00pm-11:59pm,Assault,1
WY,Albany,"41.293265"" N, 105.590699"" W",16-Jul-21,7:00pm-7:59pm,Assault,1
WY,Albany,"41.293265"" N, 105.590699"" W",17-Jul-21,2:00pm-2:59pm,Assault,1
WY,Albany,"41.293265"" N, 105.590699"" W",18-Jul-21,10:00pm-10:59pm,Assault,1
WY,Albany,"41.293265"" N, 105.590699"" W",24-Jul-21,6:00pm-6:59pm,Assault,1
WY,Albany,"41.293265"" N, 105.590699"" W",25-Jul-21,5:00pm-5:59pm,Assault,1
WY,Albany,"41.293265"" N, 105.590699"" W",26-Jul-21,9:00pm-9:59pm,Assault,1
WY,Albany,"41.293265"" N, 105.590699"" W",26-Jul-21,5:00pm-5:59pm,Assault,1
WY,Albany,"41.293265"" N, 105.590699"" W",28-Jul-21,8:00pm-8:59pm,Assault,1
WY,Albany,"41.293265"" N, 105.590699"" W",31-Jul-21,5:00pm-5:59pm,Assault,1
WY,Albany,"41.293265"" N, 105.590699"" W",3-Aug-21,3:00pm-3:59pm,Assault,1
WY,Albany,"41.293265"" N, 105.590699"" W",5-Aug-21,7:00pm-7:59pm,Assault,1
WY,Albany,"41.293265"" N, 105.590699"" W",11-Aug-21,3:00pm-3:59pm,Assault,1
WY,Albany,"41.293265"" N, 105.590699"" W",16-Aug-21,10:00pm-10:59pm,Assault,1
WY,Albany,"41.293265"" N, 105.590699"" W",20-Aug-21,9:00pm-9:59pm,Assault,1
WY,Albany,"41.293265"" N, 105.590699"" W",26-Aug-21,12:00n-12:59pm,Assault,1
WY,Albany,"41.293265"" N, 105.590699"" W",28-Aug-21,5:00pm-5:59pm,Assault,1
WY,Albany,"41.293265"" N, 105.590699"" W",31-Aug-21,9:00pm-9:59pm,Assault,1
WY,Albany,"41.293265"" N, 105.590699"" W",5-Sep-21,8:00am-8:59am,Assault,1
WY,Albany,"41.293265"" N, 105.590699"" W",8-Sep-21,1:00pm-1:59pm,Assault,1
WY,Albany,"41.293265"" N, 105.590699"" W",9-Sep-21,8:00pm-8:59pm,Assault,1
WY,Albany,"41.293265"" N, 105.590699"" W",10-Sep-21,12:00n-12:59pm,Assault,1
WY,Albany,"41.293265"" N, 105.590699"" W",12-Sep-21,7:00pm-7:59pm,Assault,1
WY,Albany,"41.293265"" N, 105.590699"" W",15-Sep-21,2:00am-2:59am,Assault,1
WY,Albany,"41.293265"" N, 105.590699"" W",17-Sep-21,11:00am-11:59am,Assault,2
WY,Albany,"41.293265"" N, 105.590699"" W",20-Sep-21,12:00n-12:59pm,Assault,1
WY,Albany,"41.293265"" N, 105.590699"" W",21-Sep-21,11:00am-11:59am,Assault,1
WY,Albany,"41.293265"" N, 105.590699"" W",22-Sep-21,6:00pm-6:59pm,Assault,1
WY,Albany,"41.293265"" N, 105.590699"" W",27-Sep-21,9:00pm-9:59pm,Assault,1
WY,Albany,"41.293265"" N, 105.590699"" W",3-Oct-21,3:00am-3:59am,Assault,1
WY,Albany,"41.293265"" N, 105.590699"" W",8-Oct-21,11:00am-11:59am,Assault,1
WY,Albany,"41.293265"" N, 105.590699"" W",10-Oct-21,1:00am-1:59am,Assault,1
WY,Albany,"41.293265"" N, 105.590699"" W",10-Oct-21,4:00pm-4:59pm,Assault,1
WY,Albany,"41.293265"" N, 105.590699"" W",16-Oct-21,10:00pm-10:59pm,Assault,1
WY,Albany,"41.293265"" N, 105.590699"" W",16-Oct-21,8:00am-8:59am,Assault,1
WY,Albany,"41.293265"" N, 105.590699"" W",23-Oct-21,4:00pm-4:59pm,Assault,1
WY,Albany,"41.293265"" N, 105.590699"" W",25-Oct-21,6:00pm-6:59pm,Assault,1
WY,Albany,"41.293265"" N, 105.590699"" W",25-Oct-21,3:00pm-3:59pm,Assault,1
WY,Albany,"41.293265"" N, 105.590699"" W",26-Oct-21,9:00pm-9:59pm,Assault,1
WY,Albany,"41.293265"" N, 105.590699"" W",28-Oct-21,9:00pm-9:59pm,Assault,1
WY,Albany,"41.293265"" N, 105.590699"" W",29-Oct-21,6:00pm-6:59pm,Assault,1
WY,Albany,"41.293265"" N, 105.590699"" W",1-Nov-21,1:00am-1:59am,Assault,1
WY,Albany,"41.293265"" N, 105.590699"" W",5-Nov-21,9:00pm-9:59pm,Assault,1
WY,Albany,"41.293265"" N, 105.590699"" W",6-Nov-21,6:00pm-6:59pm,Assault,1
WY,Albany,"41.293265"" N, 105.590699"" W",6-Nov-21,2:00am-2:59am,Assault,1
WY,Albany,"41.293265"" N, 105.590699"" W",7-Nov-21,12:00am-12:59am,Assault,1
WY,Albany,"41.293265"" N, 105.590699"" W",9-Nov-21,4:00pm-4:59pm,Assault,1
WY,Albany,"41.293265"" N, 105.590699"" W",10-Nov-21,10:00pm-10:59pm,Assault,1
WY,Albany,"41.293265"" N, 105.590699"" W",14-Nov-21,1:00pm-1:59pm,Assault,1
WY,Albany,"41.293265"" N, 105.590699"" W",15-Nov-21,6:00pm-6:59pm,Assault,1
WY,Albany,"41.293265"" N, 105.590699"" W",18-Nov-21,6:00pm-6:59pm,Assault,1
WY,Albany,"41.293265"" N, 105.590699"" W",25-Nov-21,9:00am-9:59am,Assault,1
WY,Albany,"41.293265"" N, 105.590699"" W",28-Nov-21,9:00pm-9:59pm,Assault,1
WY,Albany,"41.293265"" N, 105.590699"" W",1-Dec-21,9:00pm-9:59pm,Assault,1
WY,Albany,"41.293265"" N, 105.590699"" W",3-Dec-21,9:00pm-9:59pm,Assault,1
WY,Albany,"41.293265"" N, 105.590699"" W",5-Dec-21,7:00pm-7:59pm,Assault,1
WY,Albany,"41.293265"" N, 105.590699"" W",14-Dec-21,9:00am-9:59am,Assault,1
WY,Albany,"41.293265"" N, 105.590699"" W",18-Dec-21,1:00pm-1:59pm,Assault,1
WY,Albany,"41.293265"" N, 105.590699"" W",19-Dec-21,12:00n-12:59pm,Assault,1
WY,Albany,"41.293265"" N, 105.590699"" W",24-Dec-21,5:00pm-5:59pm,Assault,1
WY,Albany,"41.293265"" N, 105.590699"" W",26-Dec-21,2:00pm-2:59pm,Assault,1
WY,Albany,"41.293265"" N, 105.590699"" W",26-Dec-21,3:00pm-3:59pm,Assault,1
WY,Albany,"41.293265"" N, 105.590699"" W",27-Dec-21,10:00pm-10:59pm,Assault,1
WY,Albany,"41.18'39.1""N, 105.35'25.1""W",16-Jan-17,1:00pm-1:59pm,Assault,2
WY,Albany,"41.18'39.1""N, 105.35'25.1""W",3-Feb-17,9:00am-9:59am,Assault,2
WY,Albany,"41.18'39.1""N, 105.35'25.1""W",6-Feb-17,11:00am-11:59am,Assault,4
WY,Albany,"41.18'39.1""N, 105.35'25.1""W",7-Mar-17,5:00pm-5:59pm,Assault,1
WY,Albany,"41.18'39.1""N, 105.35'25.1""W",18-Mar-17,6:00pm-6:59pm,Assault,2
WY,Albany,"41.18'39.1""N, 105.35'25.1""W",9-Apr-17,1:00pm-1:59pm,Assault,1
WY,Albany,"41.18'39.1""N, 105.35'25.1""W",15-Apr-17,1:00pm-1:59pm,Assault,2
WY,Albany,"41.18'39.1""N, 105.35'25.1""W",20-May-17,4:00pm-4:59pm,Assault,2
WY,Albany,"41.18'39.1""N, 105.35'25.1""W",26-May-17,9:00am-9:59am,Assault,1
WY,Albany,"41.18'39.1""N, 105.35'25.1""W",22-Jun-17,12:00am-12:59am,Assault,2
WY,Albany,"41.18'39.1""N, 105.35'25.1""W",30-Jun-17,12:00n-12:59pm,Assault,1
WY,Albany,"41.18'39.1""N, 105.35'25.1""W",1-Jul-17,9:00am-9:59am,Assault,1
WY,Albany,"41.18'39.1""N, 105.35'25.1""W",16-Jul-17,6:00pm-6:59pm,Assault,3
WY,Albany,"41.18'39.1""N, 105.35'25.1""W",16-Jul-17,1:00am-1:59am,Assault,1
WY,Albany,"41.18'39.1""N, 105.35'25.1""W",4-Sep-17,7:00pm-7:59pm,Assault,1
WY,Albany,"41.18'39.1""N, 105.35'25.1""W",4-Sep-17,1:00pm-1:59pm,Assault,1
WY,Albany,"41.18'39.1""N, 105.35'25.1""W",8-Sep-17,3:00pm-3:59pm,Assault,2
WY,Albany,"41.18'39.1""N, 105.35'25.1""W",19-Sep-17,6:00pm-6:59pm,Assault,1
WY,Albany,"41.18'39.1""N, 105.35'25.1""W",25-Sep-17,7:00pm-7:59pm,Assault,1
WY,Albany,"41.18'39.1""N, 105.35'25.1""W",1-Oct-17,11:00pm-11:59pm,Assault,1
WY,Albany,"41.18'39.1""N, 105.35'25.1""W",2-Oct-17,1:00am-1:59am,Assault,2
WY,Albany,"41.18'39.1""N, 105.35'25.1""W",6-Oct-17,11:00pm-11:59pm,Assault,1
WY,Albany,"41.18'39.1""N, 105.35'25.1""W",13-Oct-17,7:00pm-7:59pm,Assault,2
WY,Albany,"41.18'39.1""N, 105.35'25.1""W",27-Oct-17,1:00am-1:59am,Assault,1
WY,Albany,"41.18'39.1""N, 105.35'25.1""W",2-Nov-17,11:00pm-11:59pm,Assault,1
WY,Albany,"41.18'39.1""N, 105.35'25.1""W",9-Nov-17,10:00pm-10:59pm,Assault,2
WY,Albany,"41.18'39.1""N, 105.35'25.1""W",11-Nov-17,9:00pm-9:59pm,Assault,2
WY,Albany,"41.18'39.1""N, 105.35'25.1""W",7-Dec-17,10:00pm-10:59pm,Assault,1
WY,Albany,"41.18'39.1""N, 105.35'25.1""W",2-Jan-18,3:00pm-3:59pm,Assault,2
WY,Albany,"41.18'39.1""N, 105.35'25.1""W",1-Feb-18,8:00pm-8:59pm,Assault,2
WY,Albany,"41.18'39.1""N, 105.35'25.1""W",4-Mar-18,10:00am-10:59am,Assault,1
WY,Albany,"41.18'39.1""N, 105.35'25.1""W",10-May-18,8:00pm-8:59pm,Assault,1
WY,Albany,"41.18'39.1""N, 105.35'25.1""W",17-May-18,11:00am-11:59am,Assault,1
WY,Albany,"41.18'39.1""N, 105.35'25.1""W",1-Jul-18,9:00pm-9:59pm,Assault,2
WY,Albany,"41.18'39.1""N, 105.35'25.1""W",4-Jul-18,8:00pm-8:59pm,Assault,2
WY,Albany,"41.18'39.1""N, 105.35'25.1""W",9-Jul-18,10:00pm-10:59pm,Assault,1
WY,Albany,"41.18'39.1""N, 105.35'25.1""W",17-Jul-18,7:00pm-7:59pm,Assault,2
WY,Albany,"41.18'39.1""N, 105.35'25.1""W",26-Jul-18,10:00am-10:59am,Assault,1
WY,Albany,"41.18'39.1""N, 105.35'25.1""W",6-Aug-18,7:00pm-7:59pm,Assault,1
WY,Albany,"41.18'39.1""N, 105.35'25.1""W",9-Sep-18,7:00pm-7:59pm,Assault,1
WY,Albany,"41.18'39.1""N, 105.35'25.1""W",14-Sep-18,5:00pm-5:59pm,Assault,1
WY,Albany,"41.18'39.1""N, 105.35'25.1""W",16-Sep-18,8:00pm-8:59pm,Assault,1
WY,Albany,"41.18'39.1""N, 105.35'25.1""W",5-Nov-18,6:00pm-6:59pm,Assault,2
WY,Albany,"41.18'39.1""N, 105.35'25.1""W",13-Nov-18,5:00pm-5:59pm,Assault,1
WY,Albany,"41.18'39.1""N, 105.35'25.1""W",4-Dec-18,8:00am-8:59am,Assault,1
WY,Albany,"41.18'39.1""N, 105.35'25.1""W",5-Jan-19,1:00am-1:59am,Assault,1
WY,Albany,"41.18'39.1""N, 105.35'25.1""W",3-Feb-19,11:00pm-11:59pm,Assault,1
WY,Albany,"41.18'39.1""N, 105.35'25.1""W",31-Mar-19,1:00am-1:59am,Assault,1
WY,Albany,"41.18'39.1""N, 105.35'25.1""W",6-Jun-19,8:00pm-8:59pm,Assault,1
WY,Albany,"41.18'39.1""N, 105.35'25.1""W",10-Aug-19,6:00pm-6:59pm,Assault,1
WY,Albany,"41.18'39.1""N, 105.35'25.1""W",10-Aug-19,8:00pm-8:59pm,Assault,1
WY,Albany,"41.18'39.1""N, 105.35'25.1""W",2-Sep-19,1:00am-1:59am,Assault,1
WY,Albany,"41.18'39.1""N, 105.35'25.1""W",8-Sep-19,8:00pm-8:59pm,Assault,1
WY,Albany,"41.18'39.1""N, 105.35'25.1""W",2-Oct-19,10:00pm-10:59pm,Assault,1
WY,Albany,"41.18'39.1""N, 105.35'25.1""W",14-Nov-19,10:00pm-10:59pm,Assault,1
WY,Albany,"41.18'39.1""N, 105.35'25.1""W",18-Dec-19,7:00pm-7:59pm,Assault,1
WY,Albany,"41.18'39.1""N, 105.35'25.1""W",23-Dec-19,7:00am-7:59am,Assault,1
WY,Albany,"41.18'39.1""N, 105.35'25.1""W",25-Jan-20,5:00pm-5:59pm,Assault,1
WY,Albany,"41.18'39.1""N, 105.35'25.1""W",23-Apr-20,6:00pm-6:59pm,Assault,1
WY,Albany,"41.18'39.1""N, 105.35'25.1""W",17-May-20,9:00pm-9:59pm,Assault,1
WY,Albany,"41.18'39.1""N, 105.35'25.1""W",25-May-20,4:00pm-4:59pm,Assault,1
WY,Albany,"41.18'39.1""N, 105.35'25.1""W",26-May-20,9:00pm-9:59pm,Assault,1
WY,Albany,"41.18'39.1""N, 105.35'25.1""W",4-Jun-20,1:00am-1:59am,Assault,1
WY,Albany,"41.18'39.1""N, 105.35'25.1""W",13-Jun-20,9:00am-9:59am,Assault,1
WY,Albany,"41.18'39.1""N, 105.35'25.1""W",14-Jun-20,1:00am-1:59am,Assault,1
WY,Albany,"41.18'39.1""N, 105.35'25.1""W",22-Jun-20,5:00pm-5:59pm,Assault,1
WY,Albany,"41.18'39.1""N, 105.35'25.1""W",2-Jul-20,10:00pm-10:59pm,Assault,1
WY,Albany,"41.18'39.1""N, 105.35'25.1""W",25-Jul-20,12:00n-12:59pm,Assault,1
WY,Albany,"41.18'39.1""N, 105.35'25.1""W",27-Jul-20,8:00am-8:59am,Assault,1
WY,Albany,"41.18'39.1""N, 105.35'25.1""W",7-Sep-20,9:00pm-9:59pm,Assault,1
WY,Albany,"41.18'39.1""N, 105.35'25.1""W",19-Sep-20,11:00pm-11:59pm,Assault,1
WY,Albany,"41.18'39.1""N, 105.35'25.1""W",20-Sep-20,5:00am-5:59am,Assault,1
WY,Albany,"41.18'39.1""N, 105.35'25.1""W",29-Sep-20,1:00pm-1:59pm,Assault,1
WY,Albany,"41.18'39.1""N, 105.35'25.1""W",15-Oct-20,5:00pm-5:59pm,Assault,1
WY,Albany,"41.18'39.1""N, 105.35'25.1""W",24-Jan-21,8:00am-8:59am,Assault,1
WY,Albany,"41.18'39.1""N, 105.35'25.1""W",13-Feb-21,7:00pm-7:59pm,Assault,1
WY,Albany,"41.18'39.1""N, 105.35'25.1""W",16-Feb-21,2:00pm-2:59pm,Assault,1
WY,Albany,"41.18'39.1""N, 105.35'25.1""W",19-Feb-21,11:00pm-11:59pm,Assault,1
WY,Albany,"41.18'39.1""N, 105.35'25.1""W",8-Apr-21,8:00am-8:59am,Assault,1
WY,Albany,"41.18'39.1""N, 105.35'25.1""W",8-May-21,8:00pm-8:59pm,Assault,1
WY,Albany,"41.18'39.1""N, 105.35'25.1""W",20-Jun-21,11:00am-11:59am,Assault,1
WY,Albany,"41.18'39.1""N, 105.35'25.1""W",25-Jun-21,10:00am-10:59am,Assault,1
WY,Albany,"41.18'39.1""N, 105.35'25.1""W",30-Jun-21,8:00pm-8:59pm,Assault,1
WY,Albany,"41.18'39.1""N, 105.35'25.1""W",16-Jul-21,11:00am-11:59am,Assault,1
WY,Albany,"41.18'39.1""N, 105.35'25.1""W",26-Jul-21,7:00am-7:59am,Assault,1
WY,Albany,"41.18'39.1""N, 105.35'25.1""W",11-Aug-21,5:00pm-5:59pm,Assault,1
WY,Albany,"41.18'39.1""N, 105.35'25.1""W",11-Sep-21,1:00pm-1:59pm,Assault,1
WY,Albany,"41.18'39.1""N, 105.35'25.1""W",18-Sep-21,9:00pm-9:59pm,Assault,1
WY,Albany,"41.18'39.1""N, 105.35'25.1""W",22-Sep-21,9:00pm-9:59pm,Assault,1
WY,Albany,"41.18'39.1""N, 105.35'25.1""W",4-Nov-21,3:00pm-3:59pm,Assault,1
WY,Albany,"41.18'39.1""N, 105.35'25.1""W",18-Nov-21,2:00am-2:59am,Assault,1
WY,Albany,"41.19'00.1""N, 105.34'38.9""W",13-Dec-17,2:00pm-2:59pm,Assault,1
WY,Albany,"41.19'00.1""N, 105.34'38.9""W",27-Feb-19,12:00am-12:59am,Assault,2
WY,Albany,"41.19'00.1""N, 105.34'38.9""W",7-Jun-19,1:00am-1:59am,Assault,1
WY,Albany,"41.19'00.1""N, 105.34'38.9""W",7-Dec-20,8:00am-8:59am,Assault,1
WY,Albany,"41.19'00.1""N, 105.34'38.9""W",23-Aug-21,2:00am-2:59am,Assault,1
WY,Albany,"41.18'39.1""N, 105.35'25.1""W",12-May-17,8:00am-8:59am,Violation of Protection Order,1
WY,Albany,"41.18'39.1""N, 105.35'25.1""W",4-Jun-17,12:00n-12:59pm,Violation of Protection Order,1
WY,Albany,"41.18'39.1""N, 105.35'25.1""W",5-Feb-18,5:00pm-5:59pm,Violation of Protection Order,1
WY,Albany,"41.18'39.1""N, 105.35'25.1""W",6-May-18,10:00am-10:59am,Violation of Protection Order,1
WY,Albany,"41.18'39.1""N, 105.35'25.1""W",11-May-18,4:00pm-4:59pm,Violation of Protection Order,1
WY,Albany,"41.18'39.1""N, 105.35'25.1""W",5-Oct-18,6:00am-6:59am,Violation of Protection Order,1
WY,Albany,"41.18'39.1""N, 105.35'25.1""W",4-Mar-19,2:00pm-2:59pm,Violation of Protection Order,1
WY,Albany,"41.18'39.1""N, 105.35'25.1""W",16-Sep-20,9:00am-9:59am,Violation of Protection Order,1
WY,Albany,"41.293265"" N, 105.590699"" W",14-Feb-17,8:00pm-8:59pm,Violation of Protection Order,1
WY,Albany,"41.293265"" N, 105.590699"" W",23-Mar-17,3:00pm-3:59pm,Violation of Protection Order,1
WY,Albany,"41.293265"" N, 105.590699"" W",29-Apr-17,3:00am-3:59am,Violation of Protection Order,1
WY,Albany,"41.293265"" N, 105.590699"" W",24-May-17,9:00am-9:59am,Violation of Protection Order,1
WY,Albany,"41.293265"" N, 105.590699"" W",15-Aug-17,11:00am-11:59am,Violation of Protection Order,1
WY,Albany,"41.293265"" N, 105.590699"" W",6-Nov-17,12:00n-12:59pm,Violation of Protection Order,1
WY,Albany,"41.293265"" N, 105.590699"" W",14-Dec-17,1:00pm-1:59pm,Violation of Protection Order,1
WY,Albany,"41.293265"" N, 105.590699"" W",11-Feb-18,1:00pm-1:59pm,Violation of Protection Order,1
WY,Albany,"41.293265"" N, 105.590699"" W",12-Feb-18,10:00am-10:59am,Violation of Protection Order,1
WY,Albany,"41.293265"" N, 105.590699"" W",17-Apr-18,10:00am-10:59am,Violation of Protection Order,1
WY,Albany,"41.293265"" N, 105.590699"" W",30-Jun-18,10:00am-10:59am,Violation of Protection Order,1
WY,Albany,"41.293265"" N, 105.590699"" W",12-Jul-18,10:00pm-10:59pm,Violation of Protection Order,1
WY,Albany,"41.293265"" N, 105.590699"" W",19-Oct-18,2:00pm-2:59pm,Violation of Protection Order,1
WY,Albany,"41.293265"" N, 105.590699"" W",5-Jan-19,9:00pm-9:59pm,Violation of Protection Order,1
WY,Albany,"41.293265"" N, 105.590699"" W",5-Feb-19,9:00am-9:59am,Violation of Protection Order,1
WY,Albany,"41.293265"" N, 105.590699"" W",20-Mar-19,1:00pm-1:59pm,Violation of Protection Order,1
WY,Albany,"41.293265"" N, 105.590699"" W",28-Mar-19,4:00pm-4:59pm,Violation of Protection Order,1
WY,Albany,"41.293265"" N, 105.590699"" W",16-Apr-19,5:00pm-5:59pm,Violation of Protection Order,1
WY,Albany,"41.293265"" N, 105.590699"" W",28-Aug-19,4:00pm-4:59pm,Violation of Protection Order,1
WY,Albany,"41.293265"" N, 105.590699"" W",1-Oct-19,8:00am-8:59am,Violation of Protection Order,1
WY,Albany,"41.293265"" N, 105.590699"" W",1-Nov-19,12:00n-12:59pm,Violation of Protection Order,1
WY,Albany,"41.293265"" N, 105.590699"" W",6-Nov-19,10:00am-10:59am,Violation of Protection Order,1
WY,Albany,"41.293265"" N, 105.590699"" W",9-Nov-19,4:00pm-4:59pm,Violation of Protection Order,1
WY,Albany,"41.293265"" N, 105.590699"" W",28-Jan-20,11:00pm-11:59pm,Violation of Protection Order,1
WY,Albany,"41.293265"" N, 105.590699"" W",29-Feb-20,1:00am-1:59am,Violation of Protection Order,1
WY,Albany,"41.293265"" N, 105.590699"" W",29-Feb-20,1:00pm-1:59pm,Violation of Protection Order,1
WY,Albany,"41.293265"" N, 105.590699"" W",4-Mar-20,9:00pm-9:59pm,Violation of Protection Order,1
WY,Albany,"41.293265"" N, 105.590699"" W",4-Mar-20,4:00pm-4:59pm,Violation of Protection Order,1
WY,Albany,"41.293265"" N, 105.590699"" W",5-Mar-20,8:00am-8:59am,Violation of Protection Order,1
WY,Albany,"41.293265"" N, 105.590699"" W",29-Oct-20,6:00am-6:59am,Violation of Protection Order,1
WY,Albany,"41.293265"" N, 105.590699"" W",16-Jun-17,10:00am-10:59am,Intimidation,1
WY,Albany,"41.293265"" N, 105.590699"" W",4-Jan-22,10:00am-10:59am,Intimidation,1
WY,Albany,"41.19'00.1""N, 105.34'38.9""W",28-Apr-20,7:00am-7:59am,Intimidation,1
WY,Campbell,"44.16'36.5""N, 105.30'45.6""W",12-Mar-17,3:00pm-3:59pm,Sexual Assault,1
WY,Campbell,"44.16'36.5""N, 105.30'45.6""W",15-Jul-17,4:00pm-4:59pm,Sexual Assault,1
WY,Campbell,"44.16'36.5""N, 105.30'45.6""W",9-Feb-20,4:00pm-4:59pm,Sexual Assault,1
WY,Campbell,"44.16'36.5""N, 105.30'45.6""W",7-Oct-21,1:00pm-1:59pm,Sexual Assault,1
WY,Campbell,"44.17'27.2""N, 105.30'03.7""W",23-Sep-18,11:00pm-11:59pm,Sexual Assault,1
WY,Campbell,"44.17'27.2""N, 105.30'03.7""W",10-Mar-19,12:00n-12:59pm,Sexual Assault,1
WY,Campbell,"44.17'27.2""N, 105.30'03.7""W",8-Feb-20,9:00am-9:59am,Sexual Assault,1
WY,Campbell,"44.17'27.2""N, 105.30'03.7""W",11-Apr-20,6:00pm-6:59pm,Sexual Assault,1
WY,Campbell,"44.17'27.2""N, 105.30'03.7""W",13-Aug-21,12:00n-12:59pm,Sexual Assault,1
WY,Campbell,"44.17'27.2""N, 105.30'03.7""W",2-Dec-21,9:00am-9:59am,Sexual Assault,1
WY,Campbell,"44.16'36.5""N, 105.30'45.6""W",10-Feb-21,6:00pm-6:59pm,Abduction,1
WY,Campbell,"44.17'27.2""N, 105.30'03.7""W",22-May-20,3:00pm-3:59pm,Abduction,1
WY,Campbell,"44.17'27.2""N, 105.30'03.7""W",21-Nov-20,3:00pm-3:59pm,Abduction,1
WY,Campbell,"44.17'27.2""N, 105.30'03.7""W",25-Dec-20,4:00pm-4:59pm,Abduction,1
WY,Campbell,"44.17'27.2""N, 105.30'03.7""W",20-Mar-21,9:00am-9:59am,Abduction,1
WY,Campbell,"44.17'27.2""N, 105.30'03.7""W",18-Jun-21,10:00am-10:59am,Abduction,1
WY,Campbell,"44.17'27.2""N, 105.30'03.7""W",26-Jul-21,11:00pm-11:59pm,Abduction,1
WY,Campbell,"44.17'27.2""N, 105.30'03.7""W",1-Sep-21,11:00am-11:59am,Abduction,1
WY,Campbell,"44.17'27.2""N, 105.30'03.7""W",11-Oct-21,11:00am-11:59am,Abduction,1
WY,Campbell,"44.17'27.2""N, 105.30'03.7""W",30-Dec-21,2:00pm-2:59pm,Abduction,1
WY,Campbell,"44.16'36.5""N, 105.30'45.6""W",25-Oct-19,10:00am-10:59am,Intimidation,1
WY,Campbell,"44.16'36.5""N, 105.30'45.6""W",26-Jun-21,7:00pm-7:59pm,Intimidation,1
WY,Campbell,"44.16'36.5""N, 105.30'45.6""W",24-Jan-22,6:00pm-6:59pm,Intimidation,1
WY,Campbell,"44.17'27.2""N, 105.30'03.7""W",19-Jul-17,5:00pm-5:59pm,Intimidation,2
WY,Campbell,"44.17'27.2""N, 105.30'03.7""W",19-Oct-17,6:00pm-6:59pm,Intimidation,1
WY,Campbell,"44.17'27.2""N, 105.30'03.7""W",31-Oct-17,1:00pm-1:59pm,Intimidation,1
WY,Campbell,"44.17'27.2""N, 105.30'03.7""W",15-Feb-18,11:00am-11:59am,Intimidation,1
WY,Campbell,"44.17'27.2""N, 105.30'03.7""W",16-Apr-18,10:00am-10:59am,Intimidation,1
WY,Campbell,"44.17'27.2""N, 105.30'03.7""W",7-May-18,10:00am-10:59am,Intimidation,1
WY,Campbell,"44.17'27.2""N, 105.30'03.7""W",12-May-18,10:00pm-10:59pm,Intimidation,1
WY,Campbell,"44.17'27.2""N, 105.30'03.7""W",16-Oct-18,7:00pm-7:59pm,Intimidation,1
WY,Campbell,"44.17'27.2""N, 105.30'03.7""W",25-Sep-19,9:00pm-9:59pm,Intimidation,1
WY,Campbell,"44.17'27.2""N, 105.30'03.7""W",28-Apr-20,11:00am-11:59am,Intimidation,1
WY,Campbell,"44.17'27.2""N, 105.30'03.7""W",12-Jul-20,10:00pm-10:59pm,Intimidation,1
WY,Campbell,"44.17'27.2""N, 105.30'03.7""W",6-Mar-21,3:00pm-3:59pm,Intimidation,1
WY,Campbell,"44.17'27.2""N, 105.30'03.7""W",6-Apr-21,1:00pm-1:59pm,Intimidation,1
WY,Campbell,"44.17'27.2""N, 105.30'03.7""W",15-Apr-21,6:00pm-6:59pm,Intimidation,1
WY,Campbell,"44.17'27.2""N, 105.30'03.7""W",23-Apr-21,2:00pm-2:59pm,Intimidation,1
WY,Campbell,"44.17'27.2""N, 105.30'03.7""W",26-Aug-21,4:00pm-4:59pm,Intimidation,1
WY,Campbell,"44.17'27.2""N, 105.30'03.7""W",1-Dec-21,11:00am-11:59am,Intimidation,1
WY,Campbell,"44.17'27.2""N, 105.30'03.7""W",2-Dec-21,11:00pm-11:59pm,Intimidation,1
WY,Campbell,"44.16'36.5""N, 105.30'45.6""W",13-Feb-17,9:00am-9:59am,Violation of Protection Order,1
WY,Campbell,"44.16'36.5""N, 105.30'45.6""W",28-Sep-17,10:00pm-10:59pm,Violation of Protection Order,1
WY,Campbell,"44.16'36.5""N, 105.30'45.6""W",13-Apr-18,9:00pm-9:59pm,Violation of Protection Order,1
WY,Campbell,"44.16'36.5""N, 105.30'45.6""W",7-May-18,9:00am-9:59am,Violation of Protection Order,1
WY,Campbell,"44.16'36.5""N, 105.30'45.6""W",15-May-18,2:00pm-2:59pm,Violation of Protection Order,1
WY,Campbell,"44.16'36.5""N, 105.30'45.6""W",25-May-18,2:00pm-2:59pm,Violation of Protection Order,1
WY,Campbell,"44.16'36.5""N, 105.30'45.6""W",21-Jun-18,11:00am-11:59am,Violation of Protection Order,1
WY,Campbell,"44.16'36.5""N, 105.30'45.6""W",4-Aug-18,7:00am-7:59am,Violation of Protection Order,1
WY,Campbell,"44.16'36.5""N, 105.30'45.6""W",26-Apr-19,3:00pm-3:59pm,Violation of Protection Order,1
WY,Campbell,"44.16'36.5""N, 105.30'45.6""W",12-Jul-19,5:00pm-5:59pm,Violation of Protection Order,1
WY,Campbell,"44.16'36.5""N, 105.30'45.6""W",5-Aug-19,10:00pm-10:59pm,Violation of Protection Order,1
WY,Campbell,"44.16'36.5""N, 105.30'45.6""W",11-Feb-20,12:00n-12:59pm,Violation of Protection Order,1
WY,Campbell,"44.16'36.5""N, 105.30'45.6""W",20-Mar-20,8:00pm-8:59pm,Violation of Protection Order,1
WY,Campbell,"44.16'36.5""N, 105.30'45.6""W",2-Aug-20,4:00pm-4:59pm,Violation of Protection Order,1
WY,Campbell,"44.16'36.5""N, 105.30'45.6""W",7-Nov-20,11:00am-11:59am,Violation of Protection Order,1
WY,Campbell,"44.17'27.2""N, 105.30'03.7""W",3-Jan-17,4:00pm-4:59pm,Violation of Protection Order,1
WY,Campbell,"44.17'27.2""N, 105.30'03.7""W",11-Jan-17,4:00pm-4:59pm,Violation of Protection Order,1
WY,Campbell,"44.17'27.2""N, 105.30'03.7""W",23-Jan-17,1:00pm-1:59pm,Violation of Protection Order,1
WY,Campbell,"44.17'27.2""N, 105.30'03.7""W",26-Jan-17,1:00pm-1:59pm,Violation of Protection Order,1
WY,Campbell,"44.17'27.2""N, 105.30'03.7""W",26-Jan-17,4:00pm-4:59pm,Violation of Protection Order,1
WY,Campbell,"44.17'27.2""N, 105.30'03.7""W",27-Jan-17,8:00pm-8:59pm,Violation of Protection Order,1
WY,Campbell,"44.17'27.2""N, 105.30'03.7""W",14-Feb-17,5:00pm-5:59pm,Violation of Protection Order,1
WY,Campbell,"44.17'27.2""N, 105.30'03.7""W",15-Feb-17,7:00pm-7:59pm,Violation of Protection Order,1
WY,Campbell,"44.17'27.2""N, 105.30'03.7""W",27-Feb-17,9:00pm-9:59pm,Violation of Protection Order,1
WY,Campbell,"44.17'27.2""N, 105.30'03.7""W",24-Apr-17,12:00n-12:59pm,Violation of Protection Order,1
WY,Campbell,"44.17'27.2""N, 105.30'03.7""W",25-Apr-17,3:00am-3:59am,Violation of Protection Order,1
WY,Campbell,"44.17'27.2""N, 105.30'03.7""W",19-May-17,7:00pm-7:59pm,Violation of Protection Order,1
WY,Campbell,"44.17'27.2""N, 105.30'03.7""W",19-May-17,10:00am-10:59am,Violation of Protection Order,1
WY,Campbell,"44.17'27.2""N, 105.30'03.7""W",6-Jun-17,9:00pm-9:59pm,Violation of Protection Order,1
WY,Campbell,"44.17'27.2""N, 105.30'03.7""W",22-Jul-17,7:00am-7:59am,Violation of Protection Order,1
WY,Campbell,"44.17'27.2""N, 105.30'03.7""W",26-Jul-17,11:00am-11:59am,Violation of Protection Order,1
WY,Campbell,"44.17'27.2""N, 105.30'03.7""W",27-Jul-17,8:00pm-8:59pm,Violation of Protection Order,1
WY,Campbell,"44.17'27.2""N, 105.30'03.7""W",11-Sep-17,2:00pm-2:59pm,Violation of Protection Order,1
WY,Campbell,"44.17'27.2""N, 105.30'03.7""W",19-Sep-17,1:00pm-1:59pm,Violation of Protection Order,1
WY,Campbell,"44.17'27.2""N, 105.30'03.7""W",13-Oct-17,5:00pm-5:59pm,Violation of Protection Order,1
WY,Campbell,"44.17'27.2""N, 105.30'03.7""W",17-Oct-17,7:00pm-7:59pm,Violation of Protection Order,1
WY,Campbell,"44.17'27.2""N, 105.30'03.7""W",18-Oct-17,12:00n-12:59pm,Violation of Protection Order,1
WY,Campbell,"44.17'27.2""N, 105.30'03.7""W",,5:00pm-5:59pm,Violation of Protection Order,1
WY,Campbell,"44.17'27.2""N, 105.30'03.7""W",22-Nov-17,5:00pm-5:59pm,Violation of Protection Order,1
WY,Campbell,"44.17'27.2""N, 105.30'03.7""W",1-Dec-17,1:00pm-1:59pm,Violation of Protection Order,1
WY,Campbell,"44.17'27.2""N, 105.30'03.7""W",6-Dec-17,9:00pm-9:59pm,Violation of Protection Order,1
WY,Campbell,"44.17'27.2""N, 105.30'03.7""W",17-Dec-17,7:00pm-7:59pm,Violation of Protection Order,1
WY,Campbell,"44.17'27.2""N, 105.30'03.7""W",28-Dec-17,11:00am-11:59am,Violation of Protection Order,1
WY,Campbell,"44.17'27.2""N, 105.30'03.7""W",14-Jan-18,4:00pm-4:59pm,Violation of Protection Order,1
WY,Campbell,"44.17'27.2""N, 105.30'03.7""W",29-Jan-18,10:00am-10:59am,Violation of Protection Order,1
WY,Campbell,"44.17'27.2""N, 105.30'03.7""W",21-Feb-18,3:00pm-3:59pm,Violation of Protection Order,1
WY,Campbell,"44.17'27.2""N, 105.30'03.7""W",23-Feb-18,9:00am-9:59am,Violation of Protection Order,1
WY,Campbell,"44.17'27.2""N, 105.30'03.7""W",17-Mar-18,8:00am-8:59am,Violation of Protection Order,1
WY,Campbell,"44.17'27.2""N, 105.30'03.7""W",4-May-18,8:00am-8:59am,Violation of Protection Order,1
WY,Campbell,"44.17'27.2""N, 105.30'03.7""W",15-May-18,11:00am-11:59am,Violation of Protection Order,1
WY,Campbell,"44.17'27.2""N, 105.30'03.7""W",18-May-18,12:00n-12:59pm,Violation of Protection Order,1
WY,Campbell,"44.17'27.2""N, 105.30'03.7""W",14-Jun-18,3:00pm-3:59pm,Violation of Protection Order,1
WY,Campbell,"44.17'27.2""N, 105.30'03.7""W",15-Jun-18,10:00pm-10:59pm,Violation of Protection Order,1
WY,Campbell,"44.17'27.2""N, 105.30'03.7""W",16-Jun-18,12:00n-12:59pm,Violation of Protection Order,1
WY,Campbell,"44.17'27.2""N, 105.30'03.7""W",19-Jun-18,3:00pm-3:59pm,Violation of Protection Order,1
WY,Campbell,"44.17'27.2""N, 105.30'03.7""W",20-Jun-18,2:00pm-2:59pm,Violation of Protection Order,1
WY,Campbell,"44.17'27.2""N, 105.30'03.7""W",26-Jun-18,1:00pm-1:59pm,Violation of Protection Order,1
WY,Campbell,"44.17'27.2""N, 105.30'03.7""W",1-Aug-18,10:00am-10:59am,Violation of Protection Order,1
WY,Campbell,"44.17'27.2""N, 105.30'03.7""W",14-Aug-18,11:00pm-11:59pm,Violation of Protection Order,1
WY,Campbell,"44.17'27.2""N, 105.30'03.7""W",23-Aug-18,7:00pm-7:59pm,Violation of Protection Order,1
WY,Campbell,"44.17'27.2""N, 105.30'03.7""W",10-Sep-18,1:00pm-1:59pm,Violation of Protection Order,1
WY,Campbell,"44.17'27.2""N, 105.30'03.7""W",19-Sep-18,4:00pm-4:59pm,Violation of Protection Order,1
WY,Campbell,"44.17'27.2""N, 105.30'03.7""W",30-Sep-18,3:00pm-3:59pm,Violation of Protection Order,1
WY,Campbell,"44.17'27.2""N, 105.30'03.7""W",1-Oct-18,11:00pm-11:59pm,Violation of Protection Order,1
WY,Campbell,"44.17'27.2""N, 105.30'03.7""W",5-Oct-18,9:00am-9:59am,Violation of Protection Order,1
WY,Campbell,"44.17'27.2""N, 105.30'03.7""W",8-Oct-18,7:00pm-7:59pm,Violation of Protection Order,1
WY,Campbell,"44.17'27.2""N, 105.30'03.7""W",22-Oct-18,4:00pm-4:59pm,Violation of Protection Order,1
WY,Campbell,"44.17'27.2""N, 105.30'03.7""W",23-Oct-18,3:00pm-3:59pm,Violation of Protection Order,1
WY,Campbell,"44.17'27.2""N, 105.30'03.7""W",1-Nov-18,7:00pm-7:59pm,Violation of Protection Order,1
WY,Campbell,"44.17'27.2""N, 105.30'03.7""W",14-Nov-18,10:00am-10:59am,Violation of Protection Order,1
WY,Campbell,"44.17'27.2""N, 105.30'03.7""W",20-Nov-18,2:00pm-2:59pm,Violation of Protection Order,1
WY,Campbell,"44.17'27.2""N, 105.30'03.7""W",21-Nov-18,6:00pm-6:59pm,Violation of Protection Order,1
WY,Campbell,"44.17'27.2""N, 105.30'03.7""W",30-Dec-18,6:00pm-6:59pm,Violation of Protection Order,1
WY,Campbell,"44.17'27.2""N, 105.30'03.7""W",27-Feb-19,11:00am-11:59am,Violation of Protection Order,1
WY,Campbell,"44.17'27.2""N, 105.30'03.7""W",6-Mar-19,6:00am-6:59am,Violation of Protection Order,1
WY,Campbell,"44.17'27.2""N, 105.30'03.7""W",7-Mar-19,10:00am-10:59am,Violation of Protection Order,1
WY,Campbell,"44.17'27.2""N, 105.30'03.7""W",12-Mar-19,2:00pm-2:59pm,Violation of Protection Order,1
WY,Campbell,"44.17'27.2""N, 105.30'03.7""W",17-Mar-19,12:00n-12:59pm,Violation of Protection Order,1
WY,Campbell,"44.17'27.2""N, 105.30'03.7""W",20-Mar-19,4:00pm-4:59pm,Violation of Protection Order,1
WY,Campbell,"44.17'27.2""N, 105.30'03.7""W",22-Mar-19,8:00am-8:59am,Violation of Protection Order,1
WY,Campbell,"44.17'27.2""N, 105.30'03.7""W",26-Mar-19,12:00n-12:59pm,Violation of Protection Order,1
WY,Campbell,"44.17'27.2""N, 105.30'03.7""W",28-Mar-19,1:00am-1:59am,Violation of Protection Order,1
WY,Campbell,"44.17'27.2""N, 105.30'03.7""W",3-Apr-19,8:00pm-8:59pm,Violation of Protection Order,1
WY,Campbell,"44.17'27.2""N, 105.30'03.7""W",12-Apr-19,7:00pm-7:59pm,Violation of Protection Order,1
WY,Campbell,"44.17'27.2""N, 105.30'03.7""W",28-Apr-19,10:00am-10:59am,Violation of Protection Order,1
WY,Campbell,"44.17'27.2""N, 105.30'03.7""W",11-May-19,7:00pm-7:59pm,Violation of Protection Order,1
WY,Campbell,"44.17'27.2""N, 105.30'03.7""W",14-May-19,10:00am-10:59am,Violation of Protection Order,1
WY,Campbell,"44.17'27.2""N, 105.30'03.7""W",24-May-19,11:00am-11:59am,Violation of Protection Order,1
WY,Campbell,"44.17'27.2""N, 105.30'03.7""W",18-Jun-19,5:00pm-5:59pm,Violation of Protection Order,1
WY,Campbell,"44.17'27.2""N, 105.30'03.7""W",20-Jun-19,4:00am-4:59am,Violation of Protection Order,1
WY,Campbell,"44.17'27.2""N, 105.30'03.7""W",1-Jul-19,3:00pm-3:59pm,Violation of Protection Order,1
WY,Campbell,"44.17'27.2""N, 105.30'03.7""W",16-Aug-19,7:00pm-7:59pm,Violation of Protection Order,1
WY,Campbell,"44.17'27.2""N, 105.30'03.7""W",19-Aug-19,4:00pm-4:59pm,Violation of Protection Order,1
WY,Campbell,"44.17'27.2""N, 105.30'03.7""W",25-Aug-19,4:00pm-4:59pm,Violation of Protection Order,1
WY,Campbell,"44.17'27.2""N, 105.30'03.7""W",1-Sep-19,9:00pm-9:59pm,Violation of Protection Order,1
WY,Campbell,"44.17'27.2""N, 105.30'03.7""W",2-Sep-19,12:00n-12:59pm,Violation of Protection Order,1
WY,Campbell,"44.17'27.2""N, 105.30'03.7""W",8-Sep-19,9:00am-9:59am,Violation of Protection Order,1
WY,Campbell,"44.17'27.2""N, 105.30'03.7""W",23-Sep-19,7:00pm-7:59pm,Violation of Protection Order,1
WY,Campbell,"44.17'27.2""N, 105.30'03.7""W",4-Oct-19,9:00am-9:59am,Violation of Protection Order,1
WY,Campbell,"44.17'27.2""N, 105.30'03.7""W",5-Oct-19,7:00pm-7:59pm,Violation of Protection Order,1
WY,Campbell,"44.17'27.2""N, 105.30'03.7""W",,3:00pm-3:59pm,Violation of Protection Order,1
WY,Campbell,"44.17'27.2""N, 105.30'03.7""W",9-Oct-19,9:00am-9:59am,Violation of Protection Order,1
WY,Campbell,"44.17'27.2""N, 105.30'03.7""W",18-Oct-19,3:00am-3:59am,Violation of Protection Order,1
WY,Campbell,"44.17'27.2""N, 105.30'03.7""W",2-Nov-19,5:00pm-5:59pm,Violation of Protection Order,1
WY,Campbell,"44.17'27.2""N, 105.30'03.7""W",7-Nov-19,11:00am-11:59am,Violation of Protection Order,1
WY,Campbell,"44.17'27.2""N, 105.30'03.7""W",11-Nov-19,1:00pm-1:59pm,Violation of Protection Order,1
WY,Campbell,"44.17'27.2""N, 105.30'03.7""W",15-Nov-19,5:00pm-5:59pm,Violation of Protection Order,1
WY,Campbell,"44.17'27.2""N, 105.30'03.7""W",25-Nov-19,9:00am-9:59am,Violation of Protection Order,1
WY,Campbell,"44.17'27.2""N, 105.30'03.7""W",30-Nov-19,9:00pm-9:59pm,Violation of Protection Order,1
WY,Campbell,"44.17'27.2""N, 105.30'03.7""W",6-Jan-20,4:00pm-4:59pm,Violation of Protection Order,1
WY,Campbell,"44.17'27.2""N, 105.30'03.7""W",13-Jan-20,11:00am-11:59am,Violation of Protection Order,1
WY,Campbell,"44.17'27.2""N, 105.30'03.7""W",15-Jan-20,11:00am-11:59am,Violation of Protection Order,1
WY,Campbell,"44.17'27.2""N, 105.30'03.7""W",25-Jan-20,2:00pm-2:59pm,Violation of Protection Order,1
WY,Campbell,"44.17'27.2""N, 105.30'03.7""W",27-Feb-20,5:00pm-5:59pm,Violation of Protection Order,1
WY,Campbell,"44.17'27.2""N, 105.30'03.7""W",10-Mar-20,11:00pm-11:59pm,Violation of Protection Order,1
WY,Campbell,"44.17'27.2""N, 105.30'03.7""W",11-Mar-20,9:00am-9:59am,Violation of Protection Order,1
WY,Campbell,"44.17'27.2""N, 105.30'03.7""W",13-Mar-20,7:00pm-7:59pm,Violation of Protection Order,1
WY,Campbell,"44.17'27.2""N, 105.30'03.7""W",3-Apr-20,5:00pm-5:59pm,Violation of Protection Order,1
WY,Campbell,"44.17'27.2""N, 105.30'03.7""W",9-Apr-20,4:00pm-4:59pm,Violation of Protection Order,1
WY,Campbell,"44.17'27.2""N, 105.30'03.7""W",22-Apr-20,9:00pm-9:59pm,Violation of Protection Order,1
WY,Campbell,"44.17'27.2""N, 105.30'03.7""W",2-May-20,5:00pm-5:59pm,Violation of Protection Order,1
WY,Campbell,"44.17'27.2""N, 105.30'03.7""W",5-May-20,4:00pm-4:59pm,Violation of Protection Order,1
WY,Campbell,"44.17'27.2""N, 105.30'03.7""W",5-Jun-20,5:00pm-5:59pm,Violation of Protection Order,1
WY,Campbell,"44.17'27.2""N, 105.30'03.7""W",10-Jun-20,10:00am-10:59am,Violation of Protection Order,1
WY,Campbell,"44.17'27.2""N, 105.30'03.7""W",23-Jun-20,9:00am-9:59am,Violation of Protection Order,1
WY,Campbell,"44.17'27.2""N, 105.30'03.7""W",26-Jun-20,7:00pm-7:59pm,Violation of Protection Order,1
WY,Campbell,"44.17'27.2""N, 105.30'03.7""W",2-Jul-20,10:00am-10:59am,Violation of Protection Order,1
WY,Campbell,"44.17'27.2""N, 105.30'03.7""W",18-Jul-20,9:00am-9:59am,Violation of Protection Order,1
WY,Campbell,"44.17'27.2""N, 105.30'03.7""W",21-Jul-20,11:00am-11:59am,Violation of Protection Order,1
WY,Campbell,"44.17'27.2""N, 105.30'03.7""W",25-Jul-20,11:00am-11:59am,Violation of Protection Order,1
WY,Campbell,"44.17'27.2""N, 105.30'03.7""W",4-Aug-20,6:00pm-6:59pm,Violation of Protection Order,1
WY,Campbell,"44.17'27.2""N, 105.30'03.7""W",2-Sep-20,11:00am-11:59am,Violation of Protection Order,1
WY,Campbell,"44.17'27.2""N, 105.30'03.7""W",15-Sep-20,8:00am-8:59am,Violation of Protection Order,1
WY,Campbell,"44.17'27.2""N, 105.30'03.7""W",16-Sep-20,2:00pm-2:59pm,Violation of Protection Order,1
WY,Campbell,"44.17'27.2""N, 105.30'03.7""W",22-Sep-20,3:00pm-3:59pm,Violation of Protection Order,1
WY,Campbell,"44.17'27.2""N, 105.30'03.7""W",24-Sep-20,11:00pm-11:59pm,Violation of Protection Order,1
WY,Converse,"42.44'31.1""N, 105.21'38.9""W",1-Mar-21,5:00pm-5:59pm,Sexual Assault,1
WY,Converse,"42.44'32.7""N, 105.21'40.0""W",13-Oct-21,12:00n-12:59pm,Abduction,1
WY,Converse,"42.44'31.1""N, 105.21'38.9""W",8-Jan-19,2:00pm-2:59pm,Intimidation,1
WY,Converse,"42.44'31.1""N, 105.21'38.9""W",22-Jan-19,12:00n-12:59pm,Intimidation,1
WY,Converse,"42.44'31.1""N, 105.21'38.9""W",9-Feb-19,2:00pm-2:59pm,Intimidation,1
WY,Converse,"42.44'31.1""N, 105.21'38.9""W",10-Feb-19,9:00am-9:59am,Intimidation,1
WY,Converse,"42.44'31.1""N, 105.21'38.9""W",24-Mar-19,12:00n-12:59pm,Intimidation,1
WY,Converse,"42.44'31.1""N, 105.21'38.9""W",23-May-19,12:00am-12:59am,Intimidation,1
WY,Converse,"42.44'31.1""N, 105.21'38.9""W",17-Jun-19,11:00am-11:59am,Intimidation,1
WY,Converse,"42.44'31.1""N, 105.21'38.9""W",18-Jun-19,8:00pm-8:59pm,Intimidation,1
WY,Converse,"42.44'31.1""N, 105.21'38.9""W",5-Jul-19,1:00pm-1:59pm,Intimidation,1
WY,Converse,"42.44'31.1""N, 105.21'38.9""W",9-Aug-19,12:00n-12:59pm,Intimidation,2
WY,Converse,"42.44'31.1""N, 105.21'38.9""W",2-Sep-19,11:00pm-11:59pm,Intimidation,1
WY,Converse,"42.44'31.1""N, 105.21'38.9""W",20-Sep-19,10:00pm-10:59pm,Intimidation,1
WY,Converse,"42.44'31.1""N, 105.21'38.9""W",23-Sep-19,9:00pm-9:59pm,Intimidation,1
WY,Converse,"42.44'31.1""N, 105.21'38.9""W",24-Sep-19,10:00am-10:59am,Intimidation,1
WY,Converse,"42.44'31.1""N, 105.21'38.9""W",9-Oct-19,7:00pm-7:59pm,Intimidation,1
WY,Converse,"42.44'31.1""N, 105.21'38.9""W",11-Oct-19,10:00am-10:59am,Intimidation,1
WY,Converse,"42.44'31.1""N, 105.21'38.9""W",11-Oct-19,3:00pm-3:59pm,Intimidation,1
WY,Converse,"42.44'31.1""N, 105.21'38.9""W",19-Nov-19,12:00n-12:59pm,Intimidation,1
WY,Converse,"42.44'31.1""N, 105.21'38.9""W",23-Nov-19,6:00pm-6:59pm,Intimidation,1
WY,Converse,"42.44'31.1""N, 105.21'38.9""W",30-Nov-19,1:00am-1:59am,Intimidation,1
WY,Converse,"42.44'31.1""N, 105.21'38.9""W",2-Feb-20,8:00pm-8:59pm,Intimidation,1
WY,Converse,"42.44'31.1""N, 105.21'38.9""W",13-Feb-20,7:00pm-7:59pm,Intimidation,1
WY,Converse,"42.44'31.1""N, 105.21'38.9""W",15-Feb-20,4:00pm-4:59pm,Intimidation,1
WY,Converse,"42.44'31.1""N, 105.21'38.9""W",20-Feb-20,11:00pm-11:59pm,Intimidation,1
WY,Converse,"42.44'31.1""N, 105.21'38.9""W",25-Feb-20,3:00pm-3:59pm,Intimidation,1
WY,Converse,"42.44'31.1""N, 105.21'38.9""W",29-Feb-20,10:00pm-10:59pm,Intimidation,1
WY,Converse,"42.44'31.1""N, 105.21'38.9""W",5-Mar-20,7:00pm-7:59pm,Intimidation,1
WY,Converse,"42.44'31.1""N, 105.21'38.9""W",9-Mar-20,8:00pm-8:59pm,Intimidation,1
WY,Converse,"42.44'31.1""N, 105.21'38.9""W",25-Mar-20,6:00pm-6:59pm,Intimidation,1
WY,Converse,"42.44'31.1""N, 105.21'38.9""W",8-Apr-20,10:00pm-10:59pm,Intimidation,1
WY,Converse,"42.44'31.1""N, 105.21'38.9""W",10-Apr-20,1:00pm-1:59pm,Intimidation,2
WY,Converse,"42.44'31.1""N, 105.21'38.9""W",13-Apr-20,10:00am-10:59am,Intimidation,1
WY,Converse,"42.44'31.1""N, 105.21'38.9""W",30-Apr-20,4:00pm-4:59pm,Intimidation,1
WY,Converse,"42.44'31.1""N, 105.21'38.9""W",5-May-20,7:00pm-7:59pm,Intimidation,1
WY,Converse,"42.44'31.1""N, 105.21'38.9""W",17-May-20,11:00am-11:59am,Intimidation,1
WY,Converse,"42.44'31.1""N, 105.21'38.9""W",2-Jun-20,1:00pm-1:59pm,Intimidation,1
WY,Converse,"42.44'31.1""N, 105.21'38.9""W",5-Jun-20,12:00n-12:59pm,Intimidation,1
WY,Converse,"42.44'31.1""N, 105.21'38.9""W",9-Jun-20,9:00am-9:59am,Intimidation,1
WY,Converse,"42.44'31.1""N, 105.21'38.9""W",13-Jun-20,8:00pm-8:59pm,Intimidation,1
WY,Converse,"42.44'31.1""N, 105.21'38.9""W",27-Jun-20,9:00am-9:59am,Intimidation,1
WY,Converse,"42.44'31.1""N, 105.21'38.9""W",9-Jul-20,4:00pm-4:59pm,Intimidation,1
WY,Converse,"42.44'31.1""N, 105.21'38.9""W",12-Jul-20,10:00am-10:59am,Intimidation,1
WY,Converse,"42.44'31.1""N, 105.21'38.9""W",15-Aug-20,6:00pm-6:59pm,Intimidation,1
WY,Converse,"42.44'31.1""N, 105.21'38.9""W",16-Aug-20,9:00pm-9:59pm,Intimidation,1
WY,Converse,"42.44'31.1""N, 105.21'38.9""W",16-Aug-20,2:00am-2:59am,Intimidation,1
WY,Converse,"42.44'31.1""N, 105.21'38.9""W",22-Jan-21,9:00pm-9:59pm,Intimidation,1
WY,Converse,"42.44'31.1""N, 105.21'38.9""W",16-Apr-21,7:00pm-7:59pm,Intimidation,1
WY,Converse,"42.44'31.1""N, 105.21'38.9""W",5-Jul-21,3:00am-3:59am,Intimidation,1
WY,Converse,"42.44'31.1""N, 105.21'38.9""W",31-Oct-21,10:00pm-10:59pm,Intimidation,1
WY,Converse,"42.44'32.7""N, 105.21'40.0""W",12-Sep-21,7:00pm-7:59pm,Intimidation,1
WY,Converse,"42.44'32.7""N, 105.21'40.0""W",6-Dec-21,6:00am-6:59am,Intimidation,1
WY,Converse,"42.51'38.2""N, 105.52'17.3""W",3-Sep-19,8:00pm-8:59pm,Intimidation,2
WY,Converse,"42.51'38.2""N, 105.52'17.3""W",29-Nov-20,6:00pm-6:59pm,Intimidation,1
WY,Converse,"42.51'38.2""N, 105.52'17.3""W",27-Jan-21,6:00pm-6:59pm,Intimidation,1
WY,Converse,"42.51'38.2""N, 105.52'17.3""W",25-Jun-21,9:00pm-9:59pm,Intimidation,1
WY,Converse,"42.51'38.2""N, 105.52'17.3""W",31-Aug-21,4:00pm-4:59pm,Intimidation,1
WY,Converse,"42.51'38.2""N, 105.52'17.3""W",27-Dec-21,10:00pm-10:59pm,Intimidation,1
WY,Converse,"42.44'31.1""N, 105.21'38.9""W",4-Sep-19,3:00pm-3:59pm,Violation of Protection Order,1
WY,Converse,"42.44'31.1""N, 105.21'38.9""W",13-Oct-19,5:00pm-5:59pm,Violation of Protection Order,1
WY,Converse,"42.44'31.1""N, 105.21'38.9""W",3-Nov-19,2:00pm-2:59pm,Violation of Protection Order,1
WY,Converse,"42.44'31.1""N, 105.21'38.9""W",12-Jan-20,9:00am-9:59am,Violation of Protection Order,1
WY,Converse,"42.44'31.1""N, 105.21'38.9""W",18-Jan-20,4:00pm-4:59pm,Violation of Protection Order,1
WY,Converse,"42.44'32.7""N, 105.21'40.0""W",2-Apr-18,11:00pm-11:59pm,Violation of Protection Order,1
WY,Converse,"42.44'32.7""N, 105.21'40.0""W",25-Apr-18,1:00am-1:59am,Violation of Protection Order,1
WY,Converse,"42.44'32.7""N, 105.21'40.0""W",10-May-18,1:00pm-1:59pm,Violation of Protection Order,1
WY,Converse,"42.44'32.7""N, 105.21'40.0""W",14-Jul-19,3:00pm-3:59pm,Violation of Protection Order,1
WY,Converse,"42.44'32.7""N, 105.21'40.0""W",15-Aug-19,11:00am-11:59am,Violation of Protection Order,1
WY,Converse,"42.44'32.7""N, 105.21'40.0""W",16-Aug-19,6:00pm-6:59pm,Violation of Protection Order,1
WY,Converse,"42.44'32.7""N, 105.21'40.0""W",17-Aug-19,11:00am-11:59am,Violation of Protection Order,1
WY,Converse,"42.44'32.7""N, 105.21'40.0""W",8-Sep-19,5:00pm-5:59pm,Violation of Protection Order,1
WY,Converse,"42.44'32.7""N, 105.21'40.0""W",12-Sep-19,5:00pm-5:59pm,Violation of Protection Order,1
WY,Converse,"42.44'32.7""N, 105.21'40.0""W",1-Oct-19,11:00am-11:59am,Violation of Protection Order,1
WY,Converse,"42.44'32.7""N, 105.21'40.0""W",21-Nov-19,7:00pm-7:59pm,Violation of Protection Order,1
WY,Converse,"42.44'32.7""N, 105.21'40.0""W",12-Dec-19,5:00pm-5:59pm,Violation of Protection Order,1
WY,Converse,"42.44'32.7""N, 105.21'40.0""W",1-Jul-20,10:00am-10:59am,Violation of Protection Order,1
WY,Converse,"42.44'32.7""N, 105.21'40.0""W",16-Dec-21,12:00n-12:59pm,Violation of Protection Order,1
WY,Crook,"44.24'18.1""N, 104.22'42.3""W",15-Oct-17,1:00pm-1:59pm,Intimidation,1
WY,Crook,"44.24'18.1""N, 104.22'42.3""W",30-Apr-18,8:00pm-8:59pm,Intimidation,1
WY,Crook,"44.24'18.1""N, 104.22'42.3""W",4-Jan-19,1:00am-1:59am,Intimidation,1
WY,Crook,"44.24'18.1""N, 104.22'42.3""W",28-Jun-19,10:00pm-10:59pm,Intimidation,1
WY,Crook,"44.24'18.1""N, 104.22'42.3""W",2-Sep-19,8:00am-8:59am,Intimidation,1
WY,Crook,"44.24'18.1""N, 104.22'42.3""W",13-Nov-19,5:00pm-5:59pm,Intimidation,1
WY,Crook,"44.24'18.1""N, 104.22'42.3""W",28-Nov-19,8:00pm-8:59pm,Intimidation,1
WY,Crook,"44.24'18.1""N, 104.22'42.3""W",8-Jul-20,10:00am-10:59am,Intimidation,1
WY,Crook,"44.24'18.1""N, 104.22'42.3""W",2-Sep-20,7:00pm-7:59pm,Intimidation,1
WY,Crook,"44.24'18.1""N, 104.22'42.3""W",22-Sep-20,4:00pm-4:59pm,Intimidation,1
WY,Crook,"44.24'18.1""N, 104.22'42.3""W",31-Jan-21,7:00am-7:59am,Intimidation,1
WY,Crook,"44.24'18.1""N, 104.22'42.3""W",13-Feb-21,7:00am-7:59am,Intimidation,1
WY,Crook,"44.24'18.1""N, 104.22'42.3""W",19-Feb-21,9:00pm-9:59pm,Intimidation,1
WY,Crook,"44.24'18.1""N, 104.22'42.3""W",24-Mar-21,9:00am-9:59am,Intimidation,1
WY,Crook,"44.24'18.1""N, 104.22'42.3""W",15-Apr-21,2:00pm-2:59pm,Intimidation,1
WY,Crook,"44.24'18.1""N, 104.22'42.3""W",26-Jun-21,10:00pm-10:59pm,Intimidation,1
WY,Crook,"44.24'18.1""N, 104.22'42.3""W",28-Jun-21,9:00pm-9:59pm,Intimidation,1
WY,Crook,"44.24'18.1""N, 104.22'42.3""W",6-Jul-21,4:00pm-4:59pm,Intimidation,1
WY,Crook,"44.24'18.1""N, 104.22'42.3""W",18-Oct-21,6:00pm-6:59pm,Intimidation,1
WY,Fremont,"42.50'02.6""N, 108.43'43.1""W",29-Apr-18,4:00am-4:59am,Sexual Assault,1
WY,Fremont,"42.50'02.6""N, 108.43'43.1""W",14-11-20,3:00am-3:59am,Sexual Assault,1
WY,Fremont,"43.01'55.0""N, 108.22'51.9""W",19-Mar-21,2:00am-2:59am,Sexual Assault,1
WY,Fremont,"43.01'55.0""N, 108.22'51.9""W",29-Apr-21,10:00pm-10:59pm,Sexual Assault,1
WY,Fremont,"43.01'55.0""N, 108.22'51.9""W",22-Nov-20,11:00am-11:59am,Abduction,1
WY,Fremont,"43.01'55.0""N, 108.22'51.9""W",13-Jul-21,2:00pm-2:59pm,Abduction,1
WY,Fremont,"43.01'55.0""N, 108.22'51.9""W",25-Aug-18,1:00am-1:59am,Intimidation,1
WY,Fremont,"43.01'55.0""N, 108.22'51.9""W",13-Mar-19,9:00pm-9:59pm,Intimidation,1
WY,Fremont,"43.01'55.0""N, 108.22'51.9""W",10-Nov-20,1:00pm-1:59pm,Intimidation,1
WY,Fremont,"43.01'55.0""N, 108.22'51.9""W",23-Dec-20,12:00n-12:59pm,Intimidation,1
WY,Fremont,"43.01'55.0""N, 108.22'51.9""W",30-Dec-20,8:00pm-8:59pm,Intimidation,1
WY,Fremont,"43.01'55.0""N, 108.22'51.9""W",8-Jul-21,2:00pm-2:59pm,Intimidation,1
WY,Fremont,"43.01'55.0""N, 108.22'51.9""W",29-Sep-21,4:00pm-4:59pm,Intimidation,1
WY,Fremont,"43.01'55.0""N, 108.22'51.9""W",31-Oct-21,6:00pm-6:59pm,Intimidation,1
WY,Fremont,"43.01'55.0""N, 108.22'51.9""W",16-Nov-21,4:00pm-4:59pm,Intimidation,1
WY,Fremont,"43.01'55.0""N, 108.22'51.9""W",14-Dec-21,6:00pm-6:59pm,Intimidation,1
WY,Fremont,"43.01'55.0""N, 108.22'51.9""W",28-Sep-18,4:00pm-4:59pm,Violation of Protection Order,1
WY,Fremont,"43.01'55.0""N, 108.22'51.9""W",3-Jan-17,1:00pm-1:59pm,Violation of Protection Order,1
WY,Fremont,"43.01'55.0""N, 108.22'51.9""W",20-Jan-17,8:00pm-8:59pm,Violation of Protection Order,1
WY,Fremont,"43.01'55.0""N, 108.22'51.9""W",2-Mar-17,1:00pm-1:59pm,Violation of Protection Order,1
WY,Fremont,"43.01'55.0""N, 108.22'51.9""W",10-Mar-17,8:00am-8:59am,Violation of Protection Order,1
WY,Fremont,"43.01'55.0""N, 108.22'51.9""W",3-May-17,10:00am-10:59am,Violation of Protection Order,1
WY,Fremont,"43.01'55.0""N, 108.22'51.9""W",16-May-17,6:00pm-6:59pm,Violation of Protection Order,1
WY,Fremont,"43.01'55.0""N, 108.22'51.9""W",15-Jun-17,10:00pm-10:59pm,Violation of Protection Order,1
WY,Fremont,"43.01'55.0""N, 108.22'51.9""W",15-Jul-17,1:00pm-1:59pm,Violation of Protection Order,1
WY,Fremont,"43.01'55.0""N, 108.22'51.9""W",3-Oct-17,2:00pm-2:59pm,Violation of Protection Order,1
WY,Fremont,"43.01'55.0""N, 108.22'51.9""W",24-Nov-17,1:00pm-1:59pm,Violation of Protection Order,2
WY,Fremont,"43.01'55.0""N, 108.22'51.9""W",30-Nov-17,10:00pm-10:59pm,Violation of Protection Order,1
WY,Fremont,"43.01'55.0""N, 108.22'51.9""W",26-Dec-17,3:00pm-3:59pm,Violation of Protection Order,1
WY,Fremont,"43.01'55.0""N, 108.22'51.9""W",31-Jan-18,2:00pm-2:59pm,Violation of Protection Order,1
WY,Fremont,"43.01'55.0""N, 108.22'51.9""W",5-Feb-18,8:00am-8:59am,Violation of Protection Order,1
WY,Fremont,"43.01'55.0""N, 108.22'51.9""W",15-Mar-18,12:00am-12:59am,Violation of Protection Order,1
WY,Fremont,"43.01'55.0""N, 108.22'51.9""W",19-Jun-18,4:00pm-4:59pm,Violation of Protection Order,1
WY,Fremont,"43.01'55.0""N, 108.22'51.9""W",25-May-19,1:00am-1:59am,Violation of Protection Order,1
WY,Fremont,"43.01'55.0""N, 108.22'51.9""W",20-Jun-19,4:00pm-4:59pm,Violation of Protection Order,1
WY,Fremont,"43.01'55.0""N, 108.22'51.9""W",24-Jun-19,2:00pm-2:59pm,Violation of Protection Order,1
WY,Fremont,"43.01'55.0""N, 108.22'51.9""W",19-Aug-19,10:00am-10:59am,Violation of Protection Order,1
WY,Fremont,"43.01'55.0""N, 108.22'51.9""W",16-Oct-19,11:00pm-11:59pm,Violation of Protection Order,1
WY,Fremont,"43.01'55.0""N, 108.22'51.9""W",5-Dec-19,11:00pm-11:59pm,Violation of Protection Order,1
WY,Fremont,"43.01'55.0""N, 108.22'51.9""W",7-Dec-19,2:00pm-2:59pm,Violation of Protection Order,1
WY,Fremont,"43.01'55.0""N, 108.22'51.9""W",8-Dec-19,2:00am-2:59am,Violation of Protection Order,1
WY,Fremont,"43.01'55.0""N, 108.22'51.9""W",10-May-20,7:00pm-7:59pm,Violation of Protection Order,1
WY,Fremont,"43.01'55.0""N, 108.22'51.9""W",2-Jul-20,10:00pm-10:59pm,Violation of Protection Order,1
WY,Goshen,"42.03'58.1""N, 104.10'50.3""W",17-Jun-21,5:00pm-5:59pm,Sexual Assault,1
WY,Goshen,"42.03'58.1""N, 104.10'50.3""W",Incident Date,Incident Hour of Day,Intimidation,1
WY,Goshen,"42.03'58.1""N, 104.10'50.3""W",28-Mar-17,8:00pm-8:59pm,Intimidation,1
WY,Goshen,"42.03'58.1""N, 104.10'50.3""W",19-Jan-21,12:00n-12:59pm,Intimidation,1
WY,Goshen,"42.03'58.1""N, 104.10'50.3""W",20-May-21,4:00am-4:59am,Intimidation,1
WY,Goshen,"42.03'58.1""N, 104.10'50.3""W",14-Jul-21,12:00n-12:59pm,Intimidation,1
WY,Goshen,"42.03'58.1""N, 104.10'50.3""W",8-Aug-21,4:00pm-4:59pm,Intimidation,1
WY,Goshen,"42.03'58.1""N, 104.10'50.3""W",7-Oct-21,8:00am-8:59am,Intimidation,1
WY,Goshen,"42.03'58.1""N, 104.10'50.3""W",4-Jul-18,12:00n-12:59pm,Violation of Protection Order,1
WY,Goshen,"42.03'58.1""N, 104.10'50.3""W",23-Aug-18,8:00pm-8:59pm,Violation of Protection Order,1
WY,Goshen,"42.03'58.1""N, 104.10'50.3""W",23-Jul-21,5:00am-5:59am,Violation of Protection Order,1
WY,Hot Springs County,"43.38'50.1""N, 108.12'33.5""W",2-Jul-20,9:00pm-9:59pm,Abduction,1
WY,Hot Springs County,"43.38'50.1""N, 108.12'33.5""W",10-Jun-21,10:00pm-10:59pm,Abduction,1
WY,Hot Springs County,"43.38'50.1""N, 108.12'33.5""W",16-Aug-17,7:00pm-7:59pm,Violation of Protection Order,1
WY,Johnson,"44.20'53.4""N, 106.42'29.4""W",5-Apr-17,6:00pm-6:59pm,Sexual Assault,1
WY,Johnson,"44.20'53.4""N, 106.42'29.4""W",11-May-17,8:00am-8:59am,Sexual Assault,1
WY,Johnson,"44.20'53.4""N, 106.42'29.4""W",3-Mar-19,12:00n-12:59pm,Sexual Assault,1
WY,Johnson,"44.20'53.4""N, 106.42'29.4""W",25-Jun-19,7:00am-7:59am,Sexual Assault,1
WY,Johnson,"44.20'53.4""N, 106.42'29.4""W",9-Aug-20,12:00n-12:59pm,Sexual Assault,1
WY,Johnson,"44.20'53.4""N, 106.42'29.4""W",28-Aug-20,12:00n-12:59pm,Sexual Assault,1
WY,Johnson,"44.30'53.4""N, 106.42'29.4""W",4-Dec-18,7:00pm-7:59pm,Intimidation,1
WY,Johnson,"44.20'53.4""N, 106.42'29.4""W",19-Aug-20,6:00pm-6:59pm,Intimidation,1
WY,Johnson,"44.20'53.4""N, 106.42'29.4""W",28-May-21,2:00pm-2:59pm,Intimidation,1
WY,Johnson,"44.20'53.4""N, 106.42'29.4""W",31-Jul-17,12:00n-12:59pm,Violation of Protection Order,1
WY,Johnson,"44.20'53.4""N, 106.42'29.4""W",15-Aug-17,3:00pm-3:59pm,Violation of Protection Order,1
WY,Johnson,"44.20'53.4""N, 106.42'29.4""W",17-Aug-17,11:00am-11:59am,Violation of Protection Order,1
WY,Johnson,"44.20'53.4""N, 106.42'29.4""W",28-Dec-18,9:00pm-9:59pm,Violation of Protection Order,1
WY,Johnson,"44.20'53.4""N, 106.42'29.4""W",19-Jun-19,2:00pm-2:59pm,Violation of Protection Order,1
WY,Johnson,"44.20'53.4""N, 106.42'29.4""W",9-Nov-19,5:00pm-5:59pm,Violation of Protection Order,1
WY,Johnson,"44.20'53.4""N, 106.42'29.4""W",28-Nov-19,7:00am-7:59am,Violation of Protection Order,1
WY,Johnson,"44.20'53.4""N, 106.42'29.4""W",9-Jan-20,12:00n-12:59pm,Violation of Protection Order,1
WY,Johnson,"44.20'53.4""N, 106.42'29.4""W",16-Oct-21,9:00pm-9:59pm,Violation of Protection Order,1
